chromosome,genomic_accession,start,end,strand,class,locus_tag,symbol,name,GeneID
chr1,NC_897549.1,210218281,210221500,-,protein_coding,LOC658582,GENE1,Gene 1 protein,17483
chr1,NC_598369.1,61219361,61225648,+,tRNA,LOC676510,GENE2,Gene 2 protein,22643
chr1,NC_736059.1,109055219,109064731,-,rRNA,LOC543692,GENE3,Gene 3 protein,28760
chr1,NC_426858.1,59476958,59521294,+,tRNA,LOC518373,GENE4,Gene 4 protein,89039
chr1,NC_642717.1,44028336,44056870,-,pseudogene,LOC573417,GENE5,Gene 5 protein,16860
chr1,NC_167136.1,146456119,146489412,+,lncRNA,LOC454508,GENE6,Gene 6 protein,3757
chr1,NC_330914.1,158330518,158367776,+,rRNA,LOC107540,GENE7,Gene 7 protein,10305
chr1,NC_170674.1,156300541,156343619,+,lncRNA,LOC132938,GENE8,Gene 8 protein,44309
chr1,NC_349565.1,234300880,234319868,+,rRNA,LOC392004,GENE9,Gene 9 protein,88684
chr1,NC_665427.1,77922269,77935488,-,lncRNA,LOC238739,GENE10,Gene 10 protein,95811
chr1,NC_922733.1,118327179,118371108,-,lncRNA,LOC595948,GENE11,Gene 11 protein,54354
chr1,NC_201639.1,186361879,186399177,+,protein_coding,LOC790993,GENE12,Gene 12 protein,57498
chr1,NC_531071.1,3709736,3729755,-,pseudogene,LOC589710,GENE13,Gene 13 protein,96561
chr1,NC_785197.1,18261634,18268049,+,tRNA,LOC777568,GENE14,Gene 14 protein,13899
chr1,NC_863587.1,146543583,146588508,+,pseudogene,LOC455784,GENE15,Gene 15 protein,15322
chr1,NC_299448.1,206664923,206671874,+,lncRNA,LOC662336,GENE16,Gene 16 protein,59800
chr1,NC_292401.1,135453692,135462699,+,pseudogene,LOC392075,GENE17,Gene 17 protein,61637
chr1,NC_564656.1,66418090,66460922,+,protein_coding,LOC947272,GENE18,Gene 18 protein,73132
chr1,NC_783823.1,2255748,2287271,+,protein_coding,LOC666847,GENE19,Gene 19 protein,2934
chr1,NC_274389.1,166126013,166148217,+,lncRNA,LOC526156,GENE20,Gene 20 protein,64653
chr1,NC_520521.1,9010852,9031134,-,lncRNA,LOC161483,GENE21,Gene 21 protein,22579
chr1,NC_509386.1,172745754,172746831,-,protein_coding,LOC378085,GENE22,Gene 22 protein,60638
chr1,NC_830429.1,99165241,99186852,-,pseudogene,LOC865990,GENE23,Gene 23 protein,73845
chr1,NC_299122.1,15976696,15991756,-,lncRNA,LOC411120,GENE24,Gene 24 protein,29534
chr1,NC_871476.1,110938825,110958345,+,rRNA,LOC668532,GENE25,Gene 25 protein,8989
chr1,NC_152578.1,17706951,17717461,-,protein_coding,LOC712554,GENE26,Gene 26 protein,63493
chr1,NC_632496.1,112982279,113011452,+,protein_coding,LOC184002,GENE27,Gene 27 protein,25356
chr1,NC_171262.1,106045887,106058841,+,rRNA,LOC808011,GENE28,Gene 28 protein,31828
chr1,NC_697347.1,220766277,220773261,-,protein_coding,LOC358175,GENE29,Gene 29 protein,76880
chr1,NC_185965.1,5445854,5465428,+,rRNA,LOC539589,GENE30,Gene 30 protein,87163
chr1,NC_314181.1,64465536,64485632,-,miRNA,LOC802258,GENE31,Gene 31 protein,94872
chr1,NC_378517.1,184192816,184227832,-,lncRNA,LOC515011,GENE32,Gene 32 protein,18154
chr1,NC_431535.1,70890126,70936684,-,pseudogene,LOC888387,GENE33,Gene 33 protein,10508
chr1,NC_751332.1,136926817,136946198,+,pseudogene,LOC690341,GENE34,Gene 34 protein,14104
chr1,NC_323508.1,17791444,17828899,+,rRNA,LOC630458,GENE35,Gene 35 protein,35760
chr1,NC_172132.1,178450183,178455201,+,miRNA,LOC356150,GENE36,Gene 36 protein,49434
chr1,NC_559469.1,184136390,184139360,-,lncRNA,LOC974244,GENE37,Gene 37 protein,72200
chr1,NC_946305.1,242886501,242914703,-,rRNA,LOC785743,GENE38,Gene 38 protein,70329
chr1,NC_956795.1,11730982,11749568,+,tRNA,LOC681542,GENE39,Gene 39 protein,40240
chr1,NC_377312.1,96331367,96363640,+,lncRNA,LOC221035,GENE40,Gene 40 protein,15029
chr1,NC_395442.1,61398111,61414485,+,miRNA,LOC734210,GENE41,Gene 41 protein,28607
chr1,NC_820892.1,15686926,15693714,-,lncRNA,LOC765046,GENE42,Gene 42 protein,35600
chr2,NC_987204.1,143814291,143840344,-,miRNA,LOC153266,GENE1,Gene 1 protein,13097
chr2,NC_146228.1,81243014,81244936,-,miRNA,LOC103717,GENE2,Gene 2 protein,44719
chr2,NC_374680.1,165873731,165885520,+,tRNA,LOC269430,GENE3,Gene 3 protein,98154
chr2,NC_839945.1,10421336,10423456,-,rRNA,LOC548462,GENE4,Gene 4 protein,74519
chr2,NC_178898.1,83767964,83801118,+,protein_coding,LOC824586,GENE5,Gene 5 protein,20536
chr2,NC_710805.1,77959104,77998245,+,miRNA,LOC679364,GENE6,Gene 6 protein,20410
chr2,NC_143860.1,73305955,73325984,-,lncRNA,LOC423232,GENE7,Gene 7 protein,48795
chr2,NC_320281.1,114191841,114225106,+,miRNA,LOC815198,GENE8,Gene 8 protein,33706
chr2,NC_918011.1,7683354,7728226,+,miRNA,LOC687080,GENE9,Gene 9 protein,54264
chr2,NC_270395.1,173685525,173710235,+,lncRNA,LOC938742,GENE10,Gene 10 protein,24206
chr2,NC_288073.1,16513486,16520857,-,protein_coding,LOC872343,GENE11,Gene 11 protein,44540
chr2,NC_870763.1,83852812,83860171,-,tRNA,LOC950132,GENE12,Gene 12 protein,33527
chr2,NC_925622.1,178160211,178201842,-,lncRNA,LOC835343,GENE13,Gene 13 protein,15168
chr2,NC_593554.1,9928366,9965362,-,protein_coding,LOC333238,GENE14,Gene 14 protein,27158
chr2,NC_420015.1,171300135,171315517,-,miRNA,LOC960394,GENE15,Gene 15 protein,30831
chr2,NC_792094.1,145936355,145973014,+,protein_coding,LOC302511,GENE16,Gene 16 protein,53227
chr2,NC_172792.1,94082380,94103989,-,miRNA,LOC910891,GENE17,Gene 17 protein,37585
chr2,NC_634150.1,52511802,52529280,-,tRNA,LOC519093,GENE18,Gene 18 protein,90065
chr2,NC_220944.1,154472722,154513388,-,protein_coding,LOC373903,GENE19,Gene 19 protein,24405
chr2,NC_213668.1,13020739,13055300,-,protein_coding,LOC725550,GENE20,Gene 20 protein,57959
chr2,NC_924629.1,7826890,7862774,-,tRNA,LOC428914,GENE21,Gene 21 protein,58199
chr2,NC_704596.1,61513011,61526309,+,pseudogene,LOC299312,GENE22,Gene 22 protein,34386
chr2,NC_557239.1,92763037,92778190,+,tRNA,LOC101773,GENE23,Gene 23 protein,69146
chr2,NC_552248.1,129053191,129064980,+,miRNA,LOC173372,GENE24,Gene 24 protein,88062
chr2,NC_429164.1,171258661,171272660,-,rRNA,LOC795612,GENE25,Gene 25 protein,17334
chr2,NC_424308.1,208821942,208823756,-,rRNA,LOC799287,GENE26,Gene 26 protein,54528
chr2,NC_831076.1,163006457,163017998,-,pseudogene,LOC410016,GENE27,Gene 27 protein,73667
chr2,NC_540869.1,225372170,225375613,+,lncRNA,LOC797229,GENE28,Gene 28 protein,50695
chr2,NC_696750.1,158379897,158391277,+,rRNA,LOC415568,GENE29,Gene 29 protein,54225
chr2,NC_400850.1,60728583,60773824,+,miRNA,LOC320392,GENE30,Gene 30 protein,57346
chr2,NC_563246.1,210356856,210373184,-,pseudogene,LOC563638,GENE31,Gene 31 protein,89555
chr2,NC_596171.1,77882638,77909853,+,rRNA,LOC932291,GENE32,Gene 32 protein,97463
chr2,NC_188914.1,130937162,130958077,+,tRNA,LOC397571,GENE33,Gene 33 protein,68561
chr2,NC_958179.1,170664587,170702806,-,protein_coding,LOC887625,GENE34,Gene 34 protein,31784
chr2,NC_945742.1,188007055,188054458,-,lncRNA,LOC308802,GENE35,Gene 35 protein,20313
chr2,NC_356736.1,172262180,172301907,+,protein_coding,LOC598216,GENE36,Gene 36 protein,81120
chr2,NC_534572.1,113346334,113374966,+,pseudogene,LOC760356,GENE37,Gene 37 protein,76454
chr2,NC_830180.1,59320571,59365980,+,tRNA,LOC502630,GENE38,Gene 38 protein,65799
chr2,NC_254739.1,27680296,27701826,-,lncRNA,LOC787926,GENE39,Gene 39 protein,91128
chr2,NC_916232.1,210313916,210359243,+,protein_coding,LOC545798,GENE40,Gene 40 protein,29683
chr2,NC_643118.1,120099784,120104581,+,tRNA,LOC587115,GENE41,Gene 41 protein,7582
chr2,NC_578634.1,153371050,153385768,+,protein_coding,LOC239816,GENE42,Gene 42 protein,61901
chr2,NC_742412.1,218018253,218041369,-,pseudogene,LOC954596,GENE43,Gene 43 protein,95276
chr2,NC_567574.1,203428916,203466101,-,rRNA,LOC266889,GENE44,Gene 44 protein,98472
chr2,NC_371782.1,113478925,113527448,-,pseudogene,LOC888295,GENE45,Gene 45 protein,33406
chr2,NC_608136.1,107434614,107454870,-,rRNA,LOC757193,GENE46,Gene 46 protein,32358
chr2,NC_181247.1,84480672,84516294,-,pseudogene,LOC848206,GENE47,Gene 47 protein,38450
chr2,NC_452161.1,81008854,81049136,+,miRNA,LOC435239,GENE48,Gene 48 protein,71798
chr2,NC_258157.1,123689543,123693251,+,lncRNA,LOC342495,GENE49,Gene 49 protein,51205
chr2,NC_324345.1,18592846,18603370,+,tRNA,LOC167348,GENE50,Gene 50 protein,55377
chr2,NC_668969.1,97583912,97624136,-,miRNA,LOC588557,GENE51,Gene 51 protein,55496
chr2,NC_973349.1,19994388,20027797,+,lncRNA,LOC540552,GENE52,Gene 52 protein,52049
chr3,NC_498858.1,99608798,99644191,+,rRNA,LOC600149,GENE1,Gene 1 protein,1772
chr3,NC_890075.1,192753386,192762359,-,miRNA,LOC508930,GENE2,Gene 2 protein,55921
chr3,NC_330080.1,145467425,145476495,+,pseudogene,LOC386193,GENE3,Gene 3 protein,58125
chr3,NC_507746.1,148075377,148085043,-,protein_coding,LOC452457,GENE4,Gene 4 protein,88670
chr3,NC_273061.1,186736634,186774002,-,tRNA,LOC981334,GENE5,Gene 5 protein,62261
chr3,NC_660069.1,105619743,105666737,+,rRNA,LOC128276,GENE6,Gene 6 protein,52645
chr3,NC_773971.1,141175386,141181357,+,protein_coding,LOC549433,GENE7,Gene 7 protein,18786
chr3,NC_152727.1,162232730,162247220,-,lncRNA,LOC372793,GENE8,Gene 8 protein,50689
chr3,NC_576786.1,65091256,65094246,-,lncRNA,LOC442722,GENE9,Gene 9 protein,45236
chr3,NC_888539.1,174103379,174150144,-,miRNA,LOC972335,GENE10,Gene 10 protein,56255
chr3,NC_593152.1,145609876,145633235,-,protein_coding,LOC120324,GENE11,Gene 11 protein,99176
chr3,NC_335113.1,131078076,131107810,+,miRNA,LOC781725,GENE12,Gene 12 protein,9993
chr3,NC_359295.1,118585994,118591751,+,protein_coding,LOC309044,GENE13,Gene 13 protein,3671
chr3,NC_232352.1,140103993,140115388,+,lncRNA,LOC596564,GENE14,Gene 14 protein,88747
chr3,NC_328552.1,108250641,108289997,+,rRNA,LOC587623,GENE15,Gene 15 protein,92680
chr3,NC_275939.1,65270480,65276424,-,miRNA,LOC735324,GENE16,Gene 16 protein,80593
chr3,NC_426147.1,101333747,101354563,+,lncRNA,LOC213349,GENE17,Gene 17 protein,76849
chr3,NC_703766.1,101730640,101768651,+,miRNA,LOC810250,GENE18,Gene 18 protein,50192
chr3,NC_307963.1,170284309,170310226,-,tRNA,LOC179688,GENE19,Gene 19 protein,78607
chr3,NC_831059.1,98238587,98261153,+,protein_coding,LOC910004,GENE20,Gene 20 protein,40529
chr3,NC_920652.1,9527504,9549310,+,rRNA,LOC143064,GENE21,Gene 21 protein,46508
chr3,NC_488571.1,141340064,141342823,-,tRNA,LOC172306,GENE22,Gene 22 protein,67317
chr3,NC_990844.1,19755820,19798769,-,protein_coding,LOC540463,GENE23,Gene 23 protein,65251
chr3,NC_479781.1,96331290,96366009,+,pseudogene,LOC766459,GENE24,Gene 24 protein,61258
chr3,NC_284692.1,99117426,99146391,+,pseudogene,LOC869440,GENE25,Gene 25 protein,69386
chr3,NC_947458.1,75861695,75865412,-,rRNA,LOC664315,GENE26,Gene 26 protein,64372
chr3,NC_965845.1,13791164,13820116,-,pseudogene,LOC866536,GENE27,Gene 27 protein,78656
chr3,NC_993085.1,157079628,157123088,-,miRNA,LOC357420,GENE28,Gene 28 protein,12359
chr3,NC_355709.1,148563901,148572212,-,pseudogene,LOC886931,GENE29,Gene 29 protein,61910
chr3,NC_130094.1,10155079,10179649,-,miRNA,LOC618317,GENE30,Gene 30 protein,43600
chr3,NC_322423.1,13881009,13915545,+,pseudogene,LOC472060,GENE31,Gene 31 protein,34862
chr3,NC_725113.1,109740269,109779527,-,miRNA,LOC835244,GENE32,Gene 32 protein,37211
chr3,NC_300337.1,67912526,67942391,+,rRNA,LOC189771,GENE33,Gene 33 protein,32635
chr3,NC_682144.1,148086933,148125933,-,pseudogene,LOC894993,GENE34,Gene 34 protein,32499
chr3,NC_846420.1,110751505,110763990,-,tRNA,LOC614663,GENE35,Gene 35 protein,59743
chr3,NC_408528.1,66054738,66068080,+,protein_coding,LOC332360,GENE36,Gene 36 protein,54005
chr3,NC_796212.1,37103110,37152880,+,miRNA,LOC709805,GENE37,Gene 37 protein,49368
chr3,NC_656711.1,95885737,95920986,-,rRNA,LOC460455,GENE38,Gene 38 protein,56771
chr3,NC_836996.1,96437874,96448967,-,miRNA,LOC575786,GENE39,Gene 39 protein,36509
chr3,NC_341736.1,114253633,114301823,-,miRNA,LOC226516,GENE40,Gene 40 protein,95540
chr3,NC_225362.1,178046678,178088089,+,miRNA,LOC878967,GENE41,Gene 41 protein,71236
chr3,NC_326895.1,117304767,117325613,+,lncRNA,LOC874483,GENE42,Gene 42 protein,64464
chr3,NC_718226.1,145802236,145847275,-,tRNA,LOC897135,GENE43,Gene 43 protein,69765
chr3,NC_973074.1,116476384,116522752,-,protein_coding,LOC303547,GENE44,Gene 44 protein,39829
chr3,NC_288158.1,148156822,148204885,+,miRNA,LOC416950,GENE45,Gene 45 protein,2854
chr3,NC_147726.1,37092982,37104664,+,miRNA,LOC157174,GENE46,Gene 46 protein,73529
chr3,NC_232413.1,23756190,23765709,-,tRNA,LOC768854,GENE47,Gene 47 protein,99669
chr3,NC_112861.1,178807509,178839989,-,protein_coding,LOC701949,GENE48,Gene 48 protein,38268
chr3,NC_561865.1,29922180,29929902,-,pseudogene,LOC457256,GENE49,Gene 49 protein,25164
chr3,NC_600935.1,53617362,53642522,+,miRNA,LOC219629,GENE50,Gene 50 protein,9564
chr3,NC_177680.1,143178663,143187633,-,pseudogene,LOC705050,GENE51,Gene 51 protein,83502
chr3,NC_256445.1,149422829,149433332,+,lncRNA,LOC950544,GENE52,Gene 52 protein,74772
chr3,NC_360247.1,185627415,185676332,-,protein_coding,LOC224205,GENE53,Gene 53 protein,74147
chr3,NC_725084.1,76206218,76219393,-,rRNA,LOC929151,GENE54,Gene 54 protein,82057
chr3,NC_498855.1,95377507,95419631,+,rRNA,LOC572398,GENE55,Gene 55 protein,59028
chr3,NC_549660.1,69171029,69193418,-,rRNA,LOC420214,GENE56,Gene 56 protein,75531
chr3,NC_876039.1,185418110,185419932,+,rRNA,LOC204053,GENE57,Gene 57 protein,28235
chr3,NC_792509.1,91736655,91784712,+,miRNA,LOC185131,GENE58,Gene 58 protein,21585
chr3,NC_678805.1,55942822,55948247,+,lncRNA,LOC178711,GENE59,Gene 59 protein,21517
chr3,NC_572387.1,98920870,98937902,+,pseudogene,LOC822858,GENE60,Gene 60 protein,78832
chr4,NC_134225.1,153121524,153142603,-,miRNA,LOC342720,GENE1,Gene 1 protein,38762
chr4,NC_576086.1,6302258,6317117,-,tRNA,LOC174637,GENE2,Gene 2 protein,91096
chr4,NC_926097.1,77089724,77122143,+,miRNA,LOC929683,GENE3,Gene 3 protein,82927
chr4,NC_220351.1,70735601,70745306,+,pseudogene,LOC671015,GENE4,Gene 4 protein,30466
chr4,NC_966785.1,153103904,153128140,+,miRNA,LOC249145,GENE5,Gene 5 protein,10359
chr4,NC_931131.1,126017075,126038053,+,lncRNA,LOC422554,GENE6,Gene 6 protein,78993
chr4,NC_230394.1,40573321,40589679,-,pseudogene,LOC591465,GENE7,Gene 7 protein,91266
chr4,NC_522060.1,20253729,20284107,-,tRNA,LOC385470,GENE8,Gene 8 protein,66597
chr4,NC_184349.1,119478390,119490772,-,pseudogene,LOC727086,GENE9,Gene 9 protein,6224
chr4,NC_437978.1,77682731,77698327,-,tRNA,LOC733039,GENE10,Gene 10 protein,33816
chr4,NC_340044.1,140511684,140525905,+,protein_coding,LOC807053,GENE11,Gene 11 protein,76392
chr4,NC_961322.1,102468511,102515471,+,tRNA,LOC382602,GENE12,Gene 12 protein,76529
chr4,NC_593355.1,137584130,137628991,+,lncRNA,LOC644173,GENE13,Gene 13 protein,86394
chr4,NC_290305.1,127912971,127943946,-,miRNA,LOC713762,GENE14,Gene 14 protein,58132
chr4,NC_592841.1,14172989,14193052,-,protein_coding,LOC464863,GENE15,Gene 15 protein,54523
chr4,NC_802685.1,84076173,84126027,-,miRNA,LOC209680,GENE16,Gene 16 protein,22079
chr4,NC_827369.1,96604946,96633802,-,pseudogene,LOC619536,GENE17,Gene 17 protein,38777
chr4,NC_138479.1,80318637,80332445,-,rRNA,LOC576919,GENE18,Gene 18 protein,12542
chr4,NC_438977.1,178917575,178955376,-,miRNA,LOC221552,GENE19,Gene 19 protein,53976
chr4,NC_668950.1,36513676,36548748,+,tRNA,LOC584417,GENE20,Gene 20 protein,55165
chr4,NC_643623.1,33977350,34002102,+,lncRNA,LOC479353,GENE21,Gene 21 protein,82609
chr4,NC_563513.1,61758869,61777554,-,tRNA,LOC896907,GENE22,Gene 22 protein,7764
chr4,NC_675898.1,96437130,96479531,+,miRNA,LOC237377,GENE23,Gene 23 protein,38752
chr4,NC_608257.1,109932220,109944592,-,tRNA,LOC227324,GENE24,Gene 24 protein,4783
chr4,NC_266071.1,16085249,16095245,+,tRNA,LOC425845,GENE25,Gene 25 protein,73199
chr4,NC_527809.1,79087338,79120227,+,rRNA,LOC197736,GENE26,Gene 26 protein,30451
chr4,NC_223172.1,127495967,127523632,+,pseudogene,LOC779172,GENE27,Gene 27 protein,21181
chr4,NC_406039.1,60300291,60332944,-,tRNA,LOC633590,GENE28,Gene 28 protein,93459
chr4,NC_975271.1,20180673,20221625,-,pseudogene,LOC605937,GENE29,Gene 29 protein,62894
chr4,NC_678043.1,130014532,130047428,+,pseudogene,LOC251668,GENE30,Gene 30 protein,51277
chr4,NC_632929.1,74152985,74166860,+,rRNA,LOC882544,GENE31,Gene 31 protein,18892
chr4,NC_910208.1,81366262,81416018,+,miRNA,LOC928381,GENE32,Gene 32 protein,55387
chr4,NC_380150.1,47326729,47344454,-,rRNA,LOC960408,GENE33,Gene 33 protein,1336
chr4,NC_413058.1,51148404,51190164,-,tRNA,LOC978157,GENE34,Gene 34 protein,77931
chr4,NC_568238.1,70960062,70978091,-,lncRNA,LOC664742,GENE35,Gene 35 protein,64483
chr4,NC_678727.1,150050631,150082618,-,miRNA,LOC899929,GENE36,Gene 36 protein,72228
chr4,NC_437408.1,34880908,34929832,-,pseudogene,LOC297816,GENE37,Gene 37 protein,92422
chr4,NC_501574.1,46461481,46474145,+,rRNA,LOC344907,GENE38,Gene 38 protein,54841
chr4,NC_880879.1,188092985,188129781,+,miRNA,LOC595951,GENE39,Gene 39 protein,93435
chr4,NC_795928.1,35054715,35085088,-,pseudogene,LOC930884,GENE40,Gene 40 protein,86461
chr4,NC_138817.1,81350937,81388334,+,pseudogene,LOC232378,GENE41,Gene 41 protein,66836
chr4,NC_986088.1,177788705,177825540,-,protein_coding,LOC561694,GENE42,Gene 42 protein,14069
chr5,NC_857537.1,87282130,87304302,-,protein_coding,LOC251157,GENE1,Gene 1 protein,54736
chr5,NC_592296.1,174699459,174722333,+,protein_coding,LOC919488,GENE2,Gene 2 protein,35737
chr5,NC_826353.1,24794812,24819875,-,rRNA,LOC516791,GENE3,Gene 3 protein,86175
chr5,NC_993744.1,174104899,174131611,+,miRNA,LOC807115,GENE4,Gene 4 protein,70942
chr5,NC_757246.1,146270042,146282088,-,miRNA,LOC853629,GENE5,Gene 5 protein,64956
chr5,NC_171744.1,16870274,16900043,+,rRNA,LOC346174,GENE6,Gene 6 protein,83727
chr5,NC_883041.1,93083350,93107500,-,lncRNA,LOC194769,GENE7,Gene 7 protein,57881
chr5,NC_838083.1,71340343,71346196,+,tRNA,LOC205389,GENE8,Gene 8 protein,59153
chr5,NC_414012.1,43055157,43080020,+,tRNA,LOC130353,GENE9,Gene 9 protein,7028
chr5,NC_407618.1,117955520,117997003,-,protein_coding,LOC475876,GENE10,Gene 10 protein,50131
chr5,NC_356059.1,171223438,171272713,-,lncRNA,LOC656968,GENE11,Gene 11 protein,55008
chr5,NC_283573.1,159073394,159076156,+,lncRNA,LOC182804,GENE12,Gene 12 protein,80887
chr5,NC_816318.1,124781459,124798309,-,rRNA,LOC352528,GENE13,Gene 13 protein,66230
chr5,NC_583550.1,145733104,145758162,+,lncRNA,LOC768891,GENE14,Gene 14 protein,34289
chr5,NC_799233.1,147601420,147641310,-,miRNA,LOC109853,GENE15,Gene 15 protein,61981
chr5,NC_673149.1,93489281,93537585,-,tRNA,LOC265649,GENE16,Gene 16 protein,10681
chr5,NC_716113.1,89917241,89958626,-,miRNA,LOC413685,GENE17,Gene 17 protein,84746
chr5,NC_362246.1,137039592,137055640,-,tRNA,LOC579027,GENE18,Gene 18 protein,40599
chr5,NC_994787.1,167776199,167815103,+,pseudogene,LOC606680,GENE19,Gene 19 protein,14979
chr5,NC_699704.1,162422048,162457056,+,pseudogene,LOC476395,GENE20,Gene 20 protein,76341
chr5,NC_409571.1,74942172,74952302,-,tRNA,LOC123005,GENE21,Gene 21 protein,87275
chr5,NC_108491.1,153799943,153846023,-,miRNA,LOC693419,GENE22,Gene 22 protein,90889
chr5,NC_881369.1,57796034,57842220,+,rRNA,LOC620856,GENE23,Gene 23 protein,38512
chr5,NC_940886.1,65664145,65699165,+,rRNA,LOC469435,GENE24,Gene 24 protein,29705
chr5,NC_362801.1,10147595,10189726,+,rRNA,LOC810687,GENE25,Gene 25 protein,95493
chr5,NC_201883.1,129805394,129826327,+,tRNA,LOC757937,GENE26,Gene 26 protein,85717
chr5,NC_926918.1,22664965,22689358,+,miRNA,LOC562236,GENE27,Gene 27 protein,5373
chr5,NC_237795.1,174448811,174476023,-,tRNA,LOC194511,GENE28,Gene 28 protein,39680
chr5,NC_535686.1,125006539,125011629,-,tRNA,LOC284171,GENE29,Gene 29 protein,27318
chr5,NC_483629.1,105750992,105787764,+,rRNA,LOC656639,GENE30,Gene 30 protein,66771
chr5,NC_369452.1,171956912,171994320,-,lncRNA,LOC964749,GENE31,Gene 31 protein,64156
chr5,NC_455168.1,36632022,36653513,-,tRNA,LOC943298,GENE32,Gene 32 protein,16095
chr5,NC_247594.1,180063197,180108820,-,protein_coding,LOC890785,GENE33,Gene 33 protein,30571
chr5,NC_483542.1,36145138,36152033,-,rRNA,LOC194689,GENE34,Gene 34 protein,52717
chr5,NC_662636.1,60012158,60024502,+,miRNA,LOC229592,GENE35,Gene 35 protein,60609
chr5,NC_885395.1,145198454,145201875,-,tRNA,LOC805000,GENE36,Gene 36 protein,35362
chr5,NC_489518.1,52634223,52640542,-,tRNA,LOC213609,GENE37,Gene 37 protein,89452
chr5,NC_126240.1,121921649,121934567,+,pseudogene,LOC749641,GENE38,Gene 38 protein,74584
chr5,NC_332120.1,24474842,24500906,-,rRNA,LOC779112,GENE39,Gene 39 protein,9285
chr5,NC_416869.1,28272140,28319757,-,tRNA,LOC780776,GENE40,Gene 40 protein,54516
chr5,NC_147549.1,169436878,169465813,+,lncRNA,LOC139019,GENE41,Gene 41 protein,40893
chr5,NC_201913.1,77732265,77762976,-,protein_coding,LOC346205,GENE42,Gene 42 protein,71457
chr5,NC_575679.1,23487092,23507633,+,pseudogene,LOC489033,GENE43,Gene 43 protein,88881
chr5,NC_878325.1,173995929,174013703,-,rRNA,LOC861894,GENE44,Gene 44 protein,21253
chr5,NC_203831.1,145896877,145935075,-,tRNA,LOC974190,GENE45,Gene 45 protein,65139
chr5,NC_134305.1,42707220,42732290,-,miRNA,LOC823811,GENE46,Gene 46 protein,49566
chr5,NC_566297.1,22000146,22016169,+,pseudogene,LOC347582,GENE47,Gene 47 protein,48537
chr5,NC_485178.1,144231569,144274355,+,tRNA,LOC670913,GENE48,Gene 48 protein,85518
chr5,NC_517479.1,29161846,29197114,-,protein_coding,LOC389282,GENE49,Gene 49 protein,25878
chr5,NC_196126.1,157786353,157823415,+,pseudogene,LOC794963,GENE50,Gene 50 protein,28801
chr5,NC_925013.1,137751110,137771536,+,protein_coding,LOC449709,GENE51,Gene 51 protein,32925
chr5,NC_315173.1,28448817,28467667,+,rRNA,LOC171942,GENE52,Gene 52 protein,73641
chr5,NC_326441.1,70603913,70605527,+,rRNA,LOC952547,GENE53,Gene 53 protein,31539
chr5,NC_926952.1,159046576,159071653,-,lncRNA,LOC724932,GENE54,Gene 54 protein,1371
chr5,NC_236306.1,145140542,145176977,-,lncRNA,LOC666456,GENE55,Gene 55 protein,33853
chr5,NC_793169.1,62176001,62193515,+,protein_coding,LOC127032,GENE56,Gene 56 protein,18275
chr5,NC_928358.1,37847492,37878358,+,miRNA,LOC926730,GENE57,Gene 57 protein,32186
chr5,NC_282710.1,117674567,117707272,-,protein_coding,LOC378258,GENE58,Gene 58 protein,7868
chr5,NC_541409.1,160159574,160184084,+,tRNA,LOC651640,GENE59,Gene 59 protein,15896
chr5,NC_570050.1,12367883,12409881,+,pseudogene,LOC915809,GENE60,Gene 60 protein,48453
chr5,NC_628313.1,12084398,12113933,+,pseudogene,LOC332311,GENE61,Gene 61 protein,81623
chr5,NC_921273.1,169713808,169759355,+,tRNA,LOC790909,GENE62,Gene 62 protein,69347
chr5,NC_774591.1,175004668,175020985,-,pseudogene,LOC132663,GENE63,Gene 63 protein,8972
chr5,NC_546980.1,26954296,26962860,-,pseudogene,LOC819425,GENE64,Gene 64 protein,15150
chr5,NC_565108.1,3928433,3977721,-,tRNA,LOC177060,GENE65,Gene 65 protein,11589
chr5,NC_255539.1,47249071,47263808,-,rRNA,LOC168872,GENE66,Gene 66 protein,17540
chr5,NC_763829.1,7252747,7268976,-,rRNA,LOC713799,GENE67,Gene 67 protein,72874
chr5,NC_726410.1,104900566,104902111,-,pseudogene,LOC656329,GENE68,Gene 68 protein,39652
chr5,NC_734836.1,91451453,91489567,-,rRNA,LOC551096,GENE69,Gene 69 protein,13999
chr5,NC_782535.1,124384044,124415013,+,tRNA,LOC906315,GENE70,Gene 70 protein,73264
chr5,NC_573489.1,6833215,6848134,+,pseudogene,LOC339592,GENE71,Gene 71 protein,55239
chr5,NC_518098.1,32439834,32480808,-,pseudogene,LOC536196,GENE72,Gene 72 protein,96631
chr5,NC_547494.1,40839629,40857000,+,miRNA,LOC427704,GENE73,Gene 73 protein,88177
chr6,NC_260053.1,73923165,73932601,-,miRNA,LOC820184,GENE1,Gene 1 protein,63163
chr6,NC_972176.1,10860888,10894927,+,protein_coding,LOC189511,GENE2,Gene 2 protein,13219
chr6,NC_880758.1,93244811,93256427,-,protein_coding,LOC874683,GENE3,Gene 3 protein,49843
chr6,NC_162894.1,78583721,78624558,+,rRNA,LOC714953,GENE4,Gene 4 protein,74608
chr6,NC_228168.1,102622878,102627308,-,tRNA,LOC530764,GENE5,Gene 5 protein,47346
chr6,NC_153945.1,96819187,96832863,-,tRNA,LOC401601,GENE6,Gene 6 protein,79696
chr6,NC_208633.1,14472528,14475578,-,miRNA,LOC705991,GENE7,Gene 7 protein,67507
chr6,NC_788637.1,128136268,128171201,+,lncRNA,LOC605612,GENE8,Gene 8 protein,30392
chr6,NC_986438.1,160040253,160076054,+,miRNA,LOC683286,GENE9,Gene 9 protein,49176
chr6,NC_701987.1,120588081,120636118,+,miRNA,LOC337144,GENE10,Gene 10 protein,57244
chr6,NC_789786.1,114382788,114424388,+,rRNA,LOC969752,GENE11,Gene 11 protein,91894
chr6,NC_289179.1,117205071,117231351,-,protein_coding,LOC386544,GENE12,Gene 12 protein,93104
chr6,NC_468074.1,151880276,151905833,-,miRNA,LOC106402,GENE13,Gene 13 protein,24777
chr6,NC_789275.1,40157648,40182543,+,rRNA,LOC520252,GENE14,Gene 14 protein,10120
chr6,NC_763928.1,132186923,132231117,+,tRNA,LOC132146,GENE15,Gene 15 protein,13026
chr6,NC_540226.1,53620377,53623205,+,pseudogene,LOC575682,GENE16,Gene 16 protein,45681
chr6,NC_426775.1,156200668,156246696,+,miRNA,LOC856648,GENE17,Gene 17 protein,43517
chr6,NC_263137.1,115681866,115714989,+,protein_coding,LOC265056,GENE18,Gene 18 protein,99885
chr6,NC_185544.1,17787991,17829961,+,tRNA,LOC385320,GENE19,Gene 19 protein,59079
chr6,NC_736565.1,123468509,123504145,-,pseudogene,LOC563516,GENE20,Gene 20 protein,55287
chr6,NC_891615.1,10779043,10829031,-,lncRNA,LOC637234,GENE21,Gene 21 protein,15918
chr6,NC_216276.1,105956574,105995771,-,pseudogene,LOC397005,GENE22,Gene 22 protein,89895
chr6,NC_799539.1,78021522,78058854,-,rRNA,LOC423401,GENE23,Gene 23 protein,6952
chr6,NC_728437.1,39143896,39162216,+,pseudogene,LOC157443,GENE24,Gene 24 protein,2007
chr6,NC_321494.1,85012633,85027832,+,miRNA,LOC904624,GENE25,Gene 25 protein,18987
chr6,NC_444061.1,161699237,161716113,-,miRNA,LOC225812,GENE26,Gene 26 protein,2013
chr6,NC_551574.1,20621013,20629227,-,tRNA,LOC284229,GENE27,Gene 27 protein,17932
chr6,NC_837852.1,123898230,123945830,-,rRNA,LOC341288,GENE28,Gene 28 protein,66570
chr6,NC_516359.1,149453491,149472788,-,protein_coding,LOC878086,GENE29,Gene 29 protein,6544
chr6,NC_582087.1,107609488,107636660,-,protein_coding,LOC181644,GENE30,Gene 30 protein,42033
chr6,NC_524068.1,44051994,44060651,-,rRNA,LOC843963,GENE31,Gene 31 protein,84904
chr6,NC_220768.1,65589314,65615739,-,miRNA,LOC524707,GENE32,Gene 32 protein,3733
chr6,NC_940247.1,36695773,36744092,-,lncRNA,LOC748151,GENE33,Gene 33 protein,61305
chr6,NC_557925.1,96462498,96492329,-,protein_coding,LOC985506,GENE34,Gene 34 protein,14875
chr6,NC_717476.1,111256962,111265249,+,pseudogene,LOC519902,GENE35,Gene 35 protein,69676
chr6,NC_425346.1,158903950,158942393,+,pseudogene,LOC882033,GENE36,Gene 36 protein,45500
chr6,NC_916964.1,75632173,75650937,+,miRNA,LOC276299,GENE37,Gene 37 protein,11011
chr6,NC_634723.1,124597505,124616179,+,rRNA,LOC303322,GENE38,Gene 38 protein,46793
chr6,NC_958729.1,10669320,10716327,-,tRNA,LOC776796,GENE39,Gene 39 protein,20358
chr6,NC_253557.1,67101666,67146308,+,protein_coding,LOC368402,GENE40,Gene 40 protein,26856
chr6,NC_260295.1,19491451,19524735,+,rRNA,LOC897143,GENE41,Gene 41 protein,86918
chr6,NC_910389.1,59147560,59166162,+,lncRNA,LOC758452,GENE42,Gene 42 protein,65764
chr6,NC_896788.1,78060088,78084353,-,rRNA,LOC707616,GENE43,Gene 43 protein,59838
chr6,NC_431495.1,152237897,152268089,-,tRNA,LOC258290,GENE44,Gene 44 protein,58640
chr6,NC_563688.1,71187566,71231086,+,pseudogene,LOC762055,GENE45,Gene 45 protein,40691
chr6,NC_158900.1,105269850,105286435,-,rRNA,LOC469038,GENE46,Gene 46 protein,67497
chr6,NC_584172.1,143780471,143821530,+,miRNA,LOC573866,GENE47,Gene 47 protein,5929
chr6,NC_972097.1,21927621,21943284,+,miRNA,LOC401022,GENE48,Gene 48 protein,11057
chr7,NC_722937.1,140126769,140156894,+,rRNA,LOC631699,GENE1,Gene 1 protein,51394
chr7,NC_681242.1,105850564,105861467,-,rRNA,LOC930281,GENE2,Gene 2 protein,97851
chr7,NC_949153.1,83765691,83787111,+,pseudogene,LOC699425,GENE3,Gene 3 protein,86437
chr7,NC_734394.1,34057164,34105491,+,miRNA,LOC598733,GENE4,Gene 4 protein,66715
chr7,NC_572407.1,69158877,69162273,+,protein_coding,LOC208529,GENE5,Gene 5 protein,46015
chr7,NC_777513.1,135450386,135470515,+,rRNA,LOC280941,GENE6,Gene 6 protein,6130
chr7,NC_559022.1,37977058,37979649,+,tRNA,LOC560767,GENE7,Gene 7 protein,69690
chr7,NC_490963.1,13981178,14008750,+,miRNA,LOC396635,GENE8,Gene 8 protein,51779
chr7,NC_811875.1,73235852,73270932,-,miRNA,LOC726928,GENE9,Gene 9 protein,7863
chr7,NC_445705.1,15690661,15712356,-,protein_coding,LOC199096,GENE10,Gene 10 protein,74133
chr7,NC_364236.1,143774535,143777674,-,miRNA,LOC858889,GENE11,Gene 11 protein,87057
chr7,NC_185461.1,139002074,139021162,+,miRNA,LOC711046,GENE12,Gene 12 protein,87980
chr7,NC_425301.1,92479916,92514046,+,miRNA,LOC787923,GENE13,Gene 13 protein,92551
chr7,NC_723945.1,42927096,42954388,-,lncRNA,LOC843266,GENE14,Gene 14 protein,12104
chr7,NC_494976.1,49452346,49455815,-,rRNA,LOC774751,GENE15,Gene 15 protein,44054
chr7,NC_836971.1,7493979,7517513,+,tRNA,LOC969226,GENE16,Gene 16 protein,97832
chr7,NC_803024.1,28606244,28656118,+,tRNA,LOC543973,GENE17,Gene 17 protein,67648
chr7,NC_480211.1,102385868,102395885,-,protein_coding,LOC423869,GENE18,Gene 18 protein,24627
chr7,NC_903373.1,120230296,120278934,+,miRNA,LOC609892,GENE19,Gene 19 protein,26166
chr7,NC_262471.1,22198345,22239674,+,lncRNA,LOC180913,GENE20,Gene 20 protein,39770
chr7,NC_908320.1,32084287,32108177,+,rRNA,LOC665990,GENE21,Gene 21 protein,97815
chr7,NC_453123.1,144846022,144883788,+,tRNA,LOC903531,GENE22,Gene 22 protein,82006
chr7,NC_495019.1,4910833,4930620,+,rRNA,LOC261745,GENE23,Gene 23 protein,22266
chr7,NC_908554.1,84428141,84455729,+,tRNA,LOC755087,GENE24,Gene 24 protein,22697
chr8,NC_530816.1,27527110,27538287,-,protein_coding,LOC481995,GENE1,Gene 1 protein,89652
chr8,NC_740255.1,92863660,92874542,+,pseudogene,LOC398768,GENE2,Gene 2 protein,99617
chr8,NC_659951.1,29363888,29396854,-,lncRNA,LOC350786,GENE3,Gene 3 protein,41562
chr8,NC_485709.1,7381505,7395492,-,lncRNA,LOC811256,GENE4,Gene 4 protein,75766
chr8,NC_906814.1,39065695,39098270,-,pseudogene,LOC395459,GENE5,Gene 5 protein,51052
chr8,NC_956572.1,26640396,26642403,-,lncRNA,LOC309398,GENE6,Gene 6 protein,80254
chr8,NC_154714.1,143306866,143355383,+,miRNA,LOC772324,GENE7,Gene 7 protein,63991
chr8,NC_207573.1,79246438,79276695,-,rRNA,LOC845957,GENE8,Gene 8 protein,68621
chr8,NC_187949.1,109587327,109601608,+,miRNA,LOC900185,GENE9,Gene 9 protein,22012
chr8,NC_638289.1,126252510,126254945,-,pseudogene,LOC254506,GENE10,Gene 10 protein,58340
chr8,NC_956375.1,32835803,32871953,+,lncRNA,LOC573041,GENE11,Gene 11 protein,46820
chr8,NC_155843.1,15986372,15992456,+,pseudogene,LOC515712,GENE12,Gene 12 protein,66799
chr8,NC_504924.1,1756671,1803210,-,lncRNA,LOC185569,GENE13,Gene 13 protein,50140
chr8,NC_434165.1,23022481,23030972,+,protein_coding,LOC203896,GENE14,Gene 14 protein,94677
chr8,NC_244283.1,88885936,88901795,-,lncRNA,LOC140163,GENE15,Gene 15 protein,38601
chr8,NC_971482.1,20933173,20942246,-,tRNA,LOC245534,GENE16,Gene 16 protein,93476
chr8,NC_745239.1,143479136,143501089,-,pseudogene,LOC105506,GENE17,Gene 17 protein,11384
chr8,NC_326130.1,52474647,52478000,+,miRNA,LOC975522,GENE18,Gene 18 protein,20597
chr8,NC_913875.1,134866876,134889071,-,protein_coding,LOC402096,GENE19,Gene 19 protein,32147
chr8,NC_150068.1,97053082,97075812,-,protein_coding,LOC350021,GENE20,Gene 20 protein,56027
chr8,NC_216242.1,137091667,137127863,-,protein_coding,LOC977330,GENE21,Gene 21 protein,66513
chr8,NC_640410.1,37089387,37111897,+,tRNA,LOC702980,GENE22,Gene 22 protein,32711
chr8,NC_550089.1,13526716,13571780,+,miRNA,LOC101640,GENE23,Gene 23 protein,81584
chr8,NC_698384.1,47818021,47850619,-,lncRNA,LOC536802,GENE24,Gene 24 protein,25551
chr8,NC_478120.1,27096639,27125209,+,rRNA,LOC170966,GENE25,Gene 25 protein,69951
chr8,NC_592972.1,10874986,10905227,+,pseudogene,LOC145649,GENE26,Gene 26 protein,84318
chr8,NC_365971.1,4521590,4567159,-,miRNA,LOC883618,GENE27,Gene 27 protein,3128
chr8,NC_461551.1,101575757,101589782,-,protein_coding,LOC352838,GENE28,Gene 28 protein,97068
chr8,NC_870899.1,29321379,29336667,+,rRNA,LOC893435,GENE29,Gene 29 protein,44583
chr8,NC_469412.1,59744300,59777532,+,protein_coding,LOC672536,GENE30,Gene 30 protein,45374
chr8,NC_587192.1,116167598,116210444,+,tRNA,LOC829168,GENE31,Gene 31 protein,63722
chr9,NC_166165.1,26652476,26670958,+,lncRNA,LOC850827,GENE1,Gene 1 protein,60988
chr9,NC_311383.1,117984703,118032469,+,miRNA,LOC145934,GENE2,Gene 2 protein,27144
chr9,NC_425138.1,126849717,126862439,+,miRNA,LOC640418,GENE3,Gene 3 protein,53196
chr9,NC_138399.1,99998906,100044319,-,miRNA,LOC889882,GENE4,Gene 4 protein,85790
chr9,NC_474314.1,112017803,112046890,+,miRNA,LOC918771,GENE5,Gene 5 protein,7265
chr9,NC_230521.1,26367668,26407882,-,miRNA,LOC938171,GENE6,Gene 6 protein,49237
chr9,NC_879414.1,58193498,58243399,-,pseudogene,LOC561097,GENE7,Gene 7 protein,51678
chr9,NC_620306.1,43453746,43486942,-,lncRNA,LOC825686,GENE8,Gene 8 protein,66211
chr9,NC_379676.1,35502297,35548220,-,rRNA,LOC940064,GENE9,Gene 9 protein,11828
chr9,NC_551524.1,110071388,110120678,-,protein_coding,LOC731718,GENE10,Gene 10 protein,24652
chr9,NC_207581.1,133819871,133840311,-,miRNA,LOC183958,GENE11,Gene 11 protein,43981
chr9,NC_567576.1,114633144,114651319,-,miRNA,LOC731894,GENE12,Gene 12 protein,95065
chr9,NC_823270.1,1174961,1214119,-,lncRNA,LOC565471,GENE13,Gene 13 protein,47077
chr9,NC_862120.1,131927271,131949834,-,protein_coding,LOC469685,GENE14,Gene 14 protein,81589
chr9,NC_770532.1,69683832,69690608,-,miRNA,LOC929924,GENE15,Gene 15 protein,8518
chr9,NC_768480.1,123213052,123217432,+,tRNA,LOC525942,GENE16,Gene 16 protein,48619
chr9,NC_249715.1,123185319,123195101,+,protein_coding,LOC989894,GENE17,Gene 17 protein,80635
chr9,NC_232361.1,69651130,69698895,-,protein_coding,LOC170499,GENE18,Gene 18 protein,31932
chr9,NC_501451.1,130471121,130502828,-,miRNA,LOC694799,GENE19,Gene 19 protein,5244
chr9,NC_571778.1,76816230,76834573,+,tRNA,LOC488984,GENE20,Gene 20 protein,49760
chr9,NC_701800.1,128997401,129013652,-,protein_coding,LOC244383,GENE21,Gene 21 protein,70397
chr9,NC_429657.1,105744558,105748782,-,pseudogene,LOC781113,GENE22,Gene 22 protein,37528
chr9,NC_127172.1,5390717,5403253,+,protein_coding,LOC871411,GENE23,Gene 23 protein,25385
chr9,NC_505785.1,56040773,56050981,-,rRNA,LOC688956,GENE24,Gene 24 protein,16435
chr9,NC_838237.1,7439838,7445947,-,miRNA,LOC567951,GENE25,Gene 25 protein,29124
chr9,NC_615060.1,57761940,57798141,-,tRNA,LOC309902,GENE26,Gene 26 protein,17074
chr9,NC_574001.1,76207468,76245403,+,protein_coding,LOC281043,GENE27,Gene 27 protein,94502
chr9,NC_949884.1,116487604,116515193,-,protein_coding,LOC815054,GENE28,Gene 28 protein,42889
chr9,NC_168093.1,75234271,75264280,-,tRNA,LOC676713,GENE29,Gene 29 protein,72063
chr9,NC_992717.1,137469610,137492414,-,miRNA,LOC265156,GENE30,Gene 30 protein,94298
chr9,NC_633469.1,30419320,30440901,+,miRNA,LOC335134,GENE31,Gene 31 protein,16907
chr9,NC_348235.1,89959624,90004032,+,lncRNA,LOC928766,GENE32,Gene 32 protein,65752
chr9,NC_680933.1,36197069,36236628,+,miRNA,LOC700076,GENE33,Gene 33 protein,49353
chr9,NC_236074.1,78988398,78998181,-,rRNA,LOC741674,GENE34,Gene 34 protein,12300
chr9,NC_517500.1,98238203,98287990,+,miRNA,LOC851759,GENE35,Gene 35 protein,95223
chr9,NC_530749.1,110930503,110953934,-,rRNA,LOC906527,GENE36,Gene 36 protein,54665
chr9,NC_432427.1,16152465,16159833,+,lncRNA,LOC773540,GENE37,Gene 37 protein,10720
chr9,NC_813145.1,109048256,109096080,-,pseudogene,LOC642491,GENE38,Gene 38 protein,46156
chr9,NC_770872.1,86036029,86060145,+,rRNA,LOC716338,GENE39,Gene 39 protein,24850
chr9,NC_627290.1,69156627,69200828,+,pseudogene,LOC158104,GENE40,Gene 40 protein,17274
chr9,NC_272655.1,21750278,21784135,+,miRNA,LOC269834,GENE41,Gene 41 protein,43291
chr9,NC_644103.1,8539469,8550830,+,miRNA,LOC397846,GENE42,Gene 42 protein,11336
chr9,NC_765905.1,38500142,38504183,-,lncRNA,LOC677599,GENE43,Gene 43 protein,36972
chr9,NC_417534.1,60444167,60451257,+,tRNA,LOC744274,GENE44,Gene 44 protein,70924
chr9,NC_772124.1,81600098,81603023,+,rRNA,LOC276827,GENE45,Gene 45 protein,78569
chr9,NC_790731.1,92701713,92728004,+,lncRNA,LOC754813,GENE46,Gene 46 protein,95454
chr9,NC_143195.1,42407399,42434688,-,rRNA,LOC965322,GENE47,Gene 47 protein,4718
chr9,NC_772612.1,1408507,1412896,+,protein_coding,LOC908475,GENE48,Gene 48 protein,76598
chr10,NC_321048.1,79591182,79617008,-,tRNA,LOC904214,GENE1,Gene 1 protein,75991
chr10,NC_770030.1,67309598,67337228,-,rRNA,LOC131757,GENE2,Gene 2 protein,66278
chr10,NC_416768.1,19728490,19775653,-,tRNA,LOC606404,GENE3,Gene 3 protein,33096
chr10,NC_575575.1,93521775,93523674,-,miRNA,LOC176517,GENE4,Gene 4 protein,91257
chr10,NC_560959.1,16102437,16131398,+,lncRNA,LOC535810,GENE5,Gene 5 protein,64471
chr10,NC_456717.1,11191989,11201590,-,lncRNA,LOC736129,GENE6,Gene 6 protein,19830
chr10,NC_434827.1,52300318,52334600,-,tRNA,LOC869864,GENE7,Gene 7 protein,46268
chr10,NC_897615.1,40919838,40942126,-,lncRNA,LOC488539,GENE8,Gene 8 protein,68499
chr10,NC_353480.1,33383771,33414316,+,miRNA,LOC589131,GENE9,Gene 9 protein,17059
chr10,NC_359961.1,4855469,4902495,-,pseudogene,LOC247720,GENE10,Gene 10 protein,13689
chr10,NC_502810.1,26198641,26214990,+,miRNA,LOC745270,GENE11,Gene 11 protein,55805
chr10,NC_952993.1,132293291,132304617,+,lncRNA,LOC443341,GENE12,Gene 12 protein,76718
chr10,NC_900190.1,108737707,108740267,-,lncRNA,LOC267082,GENE13,Gene 13 protein,66308
chr10,NC_423528.1,120503244,120521894,-,pseudogene,LOC621530,GENE14,Gene 14 protein,4037
chr10,NC_629996.1,2092825,2125715,+,pseudogene,LOC579441,GENE15,Gene 15 protein,32552
chr10,NC_470037.1,30659798,30665578,+,rRNA,LOC151021,GENE16,Gene 16 protein,7624
chr10,NC_726543.1,111201831,111231211,-,pseudogene,LOC983791,GENE17,Gene 17 protein,86755
chr10,NC_662761.1,36386070,36389426,-,miRNA,LOC108574,GENE18,Gene 18 protein,15089
chr10,NC_377319.1,10656086,10683997,-,lncRNA,LOC862847,GENE19,Gene 19 protein,48943
chr10,NC_147440.1,126568402,126593765,-,miRNA,LOC520040,GENE20,Gene 20 protein,7705
chr10,NC_680096.1,103666929,103678110,+,miRNA,LOC402620,GENE21,Gene 21 protein,10637
chr10,NC_572230.1,2040369,2057451,-,rRNA,LOC901535,GENE22,Gene 22 protein,73070
chr10,NC_813449.1,41781557,41819969,-,rRNA,LOC740725,GENE23,Gene 23 protein,16572
chr10,NC_513037.1,118572031,118575951,+,protein_coding,LOC491326,GENE24,Gene 24 protein,45444
chr10,NC_308727.1,105442010,105491780,-,lncRNA,LOC731728,GENE25,Gene 25 protein,67731
chr10,NC_142210.1,81818171,81833196,-,rRNA,LOC147504,GENE26,Gene 26 protein,6100
chr10,NC_449218.1,121481618,121511324,+,tRNA,LOC943019,GENE27,Gene 27 protein,63094
chr10,NC_735710.1,7878748,7918752,-,lncRNA,LOC640546,GENE28,Gene 28 protein,19321
chr10,NC_434002.1,52282965,52330251,-,rRNA,LOC270395,GENE29,Gene 29 protein,52505
chr10,NC_452713.1,33097728,33128755,-,rRNA,LOC631958,GENE30,Gene 30 protein,67809
chr10,NC_690268.1,77166032,77174037,-,tRNA,LOC414353,GENE31,Gene 31 protein,63245
chr10,NC_447329.1,100089204,100091160,+,miRNA,LOC806537,GENE32,Gene 32 protein,15366
chr10,NC_422623.1,10817207,10826802,-,rRNA,LOC935457,GENE33,Gene 33 protein,96069
chr10,NC_597643.1,16269764,16283567,+,rRNA,LOC378428,GENE34,Gene 34 protein,86929
chr10,NC_153849.1,71397755,71424718,+,tRNA,LOC711868,GENE35,Gene 35 protein,63973
chr10,NC_759580.1,76223517,76263960,+,rRNA,LOC856215,GENE36,Gene 36 protein,82230
chr10,NC_961574.1,20908635,20948698,-,lncRNA,LOC813793,GENE37,Gene 37 protein,32745
chr10,NC_834549.1,51856593,51872875,+,rRNA,LOC215233,GENE38,Gene 38 protein,26006
chr10,NC_428930.1,69572863,69580426,+,pseudogene,LOC539122,GENE39,Gene 39 protein,20848
chr10,NC_313795.1,126348185,126381045,-,tRNA,LOC530311,GENE40,Gene 40 protein,66774
chr10,NC_862736.1,88211969,88234984,-,tRNA,LOC165306,GENE41,Gene 41 protein,93507
chr10,NC_317413.1,53523843,53568428,+,rRNA,LOC688132,GENE42,Gene 42 protein,43604
chr10,NC_495129.1,17166318,17193335,-,rRNA,LOC428993,GENE43,Gene 43 protein,23699
chr10,NC_458955.1,50377283,50423633,-,rRNA,LOC672808,GENE44,Gene 44 protein,47437
chr10,NC_607699.1,115324489,115354915,-,rRNA,LOC301603,GENE45,Gene 45 protein,33311
chr10,NC_412999.1,128306194,128352435,-,rRNA,LOC335790,GENE46,Gene 46 protein,40008
chr10,NC_317346.1,26356629,26378745,-,tRNA,LOC823769,GENE47,Gene 47 protein,93404
chr10,NC_603110.1,99580843,99630207,-,miRNA,LOC465746,GENE48,Gene 48 protein,74464
chr10,NC_227794.1,121702577,121722919,-,miRNA,LOC701334,GENE49,Gene 49 protein,89686
chr10,NC_958130.1,73295232,73323722,-,pseudogene,LOC461899,GENE50,Gene 50 protein,20198
chr10,NC_401602.1,111770041,111791016,-,protein_coding,LOC848831,GENE51,Gene 51 protein,11358
chr10,NC_787836.1,130281219,130305498,-,pseudogene,LOC368900,GENE52,Gene 52 protein,98955
chr10,NC_311883.1,34912381,34960059,-,lncRNA,LOC968170,GENE53,Gene 53 protein,71592
chr10,NC_829988.1,32486345,32529244,-,rRNA,LOC384815,GENE54,Gene 54 protein,18992
chr10,NC_876880.1,125077677,125101538,+,rRNA,LOC715336,GENE55,Gene 55 protein,32363
chr10,NC_802371.1,54281889,54316031,+,protein_coding,LOC656837,GENE56,Gene 56 protein,30579
chr10,NC_205065.1,29224900,29270865,+,protein_coding,LOC533377,GENE57,Gene 57 protein,44292
chr10,NC_814281.1,101151372,101157020,-,protein_coding,LOC908206,GENE58,Gene 58 protein,19018
chr10,NC_265613.1,122425309,122456832,+,rRNA,LOC526673,GENE59,Gene 59 protein,86575
chr10,NC_782139.1,129038364,129073778,-,pseudogene,LOC309144,GENE60,Gene 60 protein,38649
chr10,NC_777273.1,130746029,130751628,-,miRNA,LOC162036,GENE61,Gene 61 protein,12725
chr10,NC_874568.1,72748934,72796998,+,rRNA,LOC858243,GENE62,Gene 62 protein,5888
chr10,NC_978292.1,27464435,27506524,+,pseudogene,LOC284327,GENE63,Gene 63 protein,5763
chr10,NC_295361.1,6591878,6638771,-,pseudogene,LOC885386,GENE64,Gene 64 protein,38941
chr10,NC_412886.1,116593456,116621072,+,protein_coding,LOC695551,GENE65,Gene 65 protein,80007
chr10,NC_398384.1,103376571,103379684,+,miRNA,LOC576419,GENE66,Gene 66 protein,85058
chr10,NC_992400.1,61244226,61288232,-,lncRNA,LOC628705,GENE67,Gene 67 protein,62344
chr10,NC_948102.1,111393888,111416815,-,lncRNA,LOC218118,GENE68,Gene 68 protein,44343
chr10,NC_581206.1,21420139,21453558,+,tRNA,LOC779776,GENE69,Gene 69 protein,34720
chr10,NC_872399.1,4700108,4737250,+,protein_coding,LOC453487,GENE70,Gene 70 protein,39669
chr10,NC_740632.1,68493246,68538984,+,lncRNA,LOC997734,GENE71,Gene 71 protein,84719
chr10,NC_640310.1,19532053,19549706,-,pseudogene,LOC443856,GENE72,Gene 72 protein,12368
chr10,NC_200018.1,79081711,79088435,-,tRNA,LOC293757,GENE73,Gene 73 protein,19430
chr10,NC_360096.1,105340329,105352412,-,miRNA,LOC107161,GENE74,Gene 74 protein,35181
chr10,NC_568436.1,70466045,70486861,-,lncRNA,LOC890371,GENE75,Gene 75 protein,35995
chr10,NC_710754.1,105917344,105924620,-,miRNA,LOC857997,GENE76,Gene 76 protein,76088
chr10,NC_785436.1,128795571,128835234,+,miRNA,LOC477017,GENE77,Gene 77 protein,91802
chr10,NC_800224.1,100580682,100605181,+,protein_coding,LOC223967,GENE78,Gene 78 protein,62000
chr10,NC_525110.1,82895008,82939328,-,lncRNA,LOC819400,GENE79,Gene 79 protein,66866
chr10,NC_223119.1,46450911,46458010,-,tRNA,LOC769737,GENE80,Gene 80 protein,39671
chr10,NC_331577.1,18820027,18840603,-,rRNA,LOC329772,GENE81,Gene 81 protein,18507
chr11,NC_577079.1,76918039,76945194,-,lncRNA,LOC884056,GENE1,Gene 1 protein,80395
chr11,NC_836038.1,38190551,38209325,-,pseudogene,LOC675914,GENE2,Gene 2 protein,62712
chr11,NC_813390.1,78874891,78893549,+,lncRNA,LOC891401,GENE3,Gene 3 protein,79094
chr11,NC_568449.1,84923921,84940922,+,rRNA,LOC653829,GENE4,Gene 4 protein,93244
chr11,NC_691573.1,133972126,133999018,-,protein_coding,LOC217659,GENE5,Gene 5 protein,9094
chr11,NC_662728.1,64537248,64577278,+,rRNA,LOC257131,GENE6,Gene 6 protein,22566
chr11,NC_563303.1,63231845,63243569,-,rRNA,LOC221886,GENE7,Gene 7 protein,90167
chr11,NC_711474.1,112007898,112048646,+,tRNA,LOC612573,GENE8,Gene 8 protein,12919
chr11,NC_575458.1,31173264,31208261,-,protein_coding,LOC238353,GENE9,Gene 9 protein,68272
chr11,NC_691303.1,3140267,3182502,-,pseudogene,LOC160541,GENE10,Gene 10 protein,74242
chr11,NC_946112.1,118721399,118760537,-,tRNA,LOC423139,GENE11,Gene 11 protein,95801
chr11,NC_366817.1,21317066,21318191,+,pseudogene,LOC956113,GENE12,Gene 12 protein,1395
chr11,NC_176577.1,61568641,61614913,+,rRNA,LOC147489,GENE13,Gene 13 protein,56534
chr11,NC_166857.1,60744657,60761055,-,tRNA,LOC667451,GENE14,Gene 14 protein,8897
chr11,NC_133276.1,74144638,74152276,+,pseudogene,LOC401036,GENE15,Gene 15 protein,54591
chr11,NC_903028.1,93429834,93434083,+,lncRNA,LOC772687,GENE16,Gene 16 protein,96589
chr11,NC_501058.1,129608246,129649609,-,miRNA,LOC570325,GENE17,Gene 17 protein,50479
chr11,NC_815894.1,63026675,63066737,-,protein_coding,LOC793939,GENE18,Gene 18 protein,71687
chr11,NC_464663.1,128835615,128875140,+,tRNA,LOC224395,GENE19,Gene 19 protein,24392
chr11,NC_233533.1,79738835,79741804,-,rRNA,LOC863214,GENE20,Gene 20 protein,30188
chr11,NC_412856.1,61747593,61765868,+,protein_coding,LOC585494,GENE21,Gene 21 protein,89276
chr11,NC_497700.1,3746804,3789778,-,rRNA,LOC963355,GENE22,Gene 22 protein,31102
chr11,NC_462974.1,133947708,133988995,+,pseudogene,LOC262656,GENE23,Gene 23 protein,37129
chr11,NC_902674.1,111111310,111157451,+,tRNA,LOC218326,GENE24,Gene 24 protein,5222
chr11,NC_903265.1,22891342,22940662,-,rRNA,LOC116405,GENE25,Gene 25 protein,32544
chr11,NC_205797.1,110116822,110155828,+,protein_coding,LOC722795,GENE26,Gene 26 protein,5400
chr11,NC_804667.1,30655353,30678826,-,rRNA,LOC837449,GENE27,Gene 27 protein,7380
chr11,NC_146385.1,75330621,75360246,+,tRNA,LOC521805,GENE28,Gene 28 protein,58535
chr11,NC_327823.1,79029433,79066920,+,rRNA,LOC891030,GENE29,Gene 29 protein,8398
chr11,NC_403314.1,34931079,34976991,+,rRNA,LOC345536,GENE30,Gene 30 protein,96881
chr11,NC_726962.1,130611435,130655258,-,rRNA,LOC910065,GENE31,Gene 31 protein,89150
chr11,NC_416422.1,8804813,8836472,-,lncRNA,LOC250219,GENE32,Gene 32 protein,87535
chr11,NC_415098.1,121111346,121125944,+,pseudogene,LOC388519,GENE33,Gene 33 protein,8989
chr11,NC_811721.1,61685037,61705545,+,tRNA,LOC547952,GENE34,Gene 34 protein,73856
chr11,NC_461145.1,112769764,112797748,-,protein_coding,LOC774565,GENE35,Gene 35 protein,88994
chr11,NC_434217.1,24201438,24208142,-,rRNA,LOC830132,GENE36,Gene 36 protein,55568
chr11,NC_414455.1,10527148,10555356,-,lncRNA,LOC494747,GENE37,Gene 37 protein,25101
chr11,NC_990598.1,120280468,120301082,-,lncRNA,LOC336290,GENE38,Gene 38 protein,40418
chr11,NC_160423.1,15199203,15248711,+,pseudogene,LOC689704,GENE39,Gene 39 protein,55090
chr11,NC_655736.1,65344261,65374426,-,rRNA,LOC240606,GENE40,Gene 40 protein,51910
chr11,NC_313214.1,2987698,3025019,+,miRNA,LOC446305,GENE41,Gene 41 protein,85765
chr11,NC_988283.1,52864241,52896357,+,pseudogene,LOC489102,GENE42,Gene 42 protein,13119
chr11,NC_381502.1,20267958,20294384,+,protein_coding,LOC495489,GENE43,Gene 43 protein,89299
chr11,NC_297303.1,23010282,23014994,+,protein_coding,LOC943737,GENE44,Gene 44 protein,78015
chr11,NC_319036.1,103499878,103527078,+,pseudogene,LOC449138,GENE45,Gene 45 protein,40739
chr11,NC_299254.1,68309364,68314090,+,lncRNA,LOC877493,GENE46,Gene 46 protein,16376
chr11,NC_829417.1,22471392,22500115,-,lncRNA,LOC733760,GENE47,Gene 47 protein,93244
chr11,NC_350956.1,91036006,91071964,+,pseudogene,LOC678897,GENE48,Gene 48 protein,43154
chr11,NC_588899.1,34318900,34332078,-,pseudogene,LOC659572,GENE49,Gene 49 protein,86029
chr11,NC_374267.1,58331611,58363935,-,miRNA,LOC477114,GENE50,Gene 50 protein,68215
chr11,NC_203398.1,48176248,48195072,-,pseudogene,LOC941814,GENE51,Gene 51 protein,95688
chr11,NC_312994.1,29818818,29842261,-,miRNA,LOC488712,GENE52,Gene 52 protein,42015
chr11,NC_689849.1,63094533,63139831,-,protein_coding,LOC332022,GENE53,Gene 53 protein,98157
chr11,NC_373441.1,75588205,75614742,+,protein_coding,LOC680189,GENE54,Gene 54 protein,77550
chr11,NC_259814.1,111743565,111756605,-,miRNA,LOC305721,GENE55,Gene 55 protein,44236
chr11,NC_697467.1,20654754,20678366,+,pseudogene,LOC973844,GENE56,Gene 56 protein,33208
chr12,NC_786406.1,60137447,60174078,-,rRNA,LOC818113,GENE1,Gene 1 protein,45245
chr12,NC_858705.1,14777441,14821902,-,pseudogene,LOC772865,GENE2,Gene 2 protein,97940
chr12,NC_276405.1,34401851,34434199,-,pseudogene,LOC868367,GENE3,Gene 3 protein,47160
chr12,NC_855303.1,5538684,5540861,+,lncRNA,LOC673095,GENE4,Gene 4 protein,65004
chr12,NC_772985.1,65247544,65281323,+,rRNA,LOC161585,GENE5,Gene 5 protein,69674
chr12,NC_957730.1,103144228,103161581,+,protein_coding,LOC800674,GENE6,Gene 6 protein,7358
chr12,NC_244170.1,114448335,114460891,+,pseudogene,LOC983472,GENE7,Gene 7 protein,83667
chr12,NC_841521.1,117437038,117449601,+,protein_coding,LOC258366,GENE8,Gene 8 protein,2198
chr12,NC_578160.1,34225539,34270329,+,rRNA,LOC491329,GENE9,Gene 9 protein,8923
chr12,NC_611552.1,83273418,83299937,-,tRNA,LOC116495,GENE10,Gene 10 protein,1866
chr12,NC_117538.1,78114806,78131979,-,protein_coding,LOC655134,GENE11,Gene 11 protein,95659
chr12,NC_400614.1,131625105,131653092,-,rRNA,LOC117975,GENE12,Gene 12 protein,66826
chr12,NC_212214.1,77511194,77551532,-,lncRNA,LOC200992,GENE13,Gene 13 protein,69732
chr12,NC_301255.1,78408332,78433928,+,lncRNA,LOC749887,GENE14,Gene 14 protein,70003
chr12,NC_380310.1,35653686,35696660,-,miRNA,LOC933551,GENE15,Gene 15 protein,53022
chr12,NC_525750.1,93362159,93390923,+,miRNA,LOC581294,GENE16,Gene 16 protein,75055
chr12,NC_336828.1,99015451,99055761,+,tRNA,LOC414546,GENE17,Gene 17 protein,90658
chr12,NC_999908.1,106324408,106334314,+,tRNA,LOC781463,GENE18,Gene 18 protein,5152
chr12,NC_497687.1,21894866,21940680,+,pseudogene,LOC495490,GENE19,Gene 19 protein,73443
chr12,NC_767678.1,41564131,41578207,-,protein_coding,LOC109909,GENE20,Gene 20 protein,93123
chr12,NC_624139.1,44910380,44949030,+,protein_coding,LOC986392,GENE21,Gene 21 protein,57873
chr12,NC_999636.1,33045953,33093366,-,rRNA,LOC199994,GENE22,Gene 22 protein,70226
chr12,NC_321686.1,73637404,73645555,+,lncRNA,LOC825916,GENE23,Gene 23 protein,75289
chr12,NC_148823.1,99248148,99277359,-,miRNA,LOC177959,GENE24,Gene 24 protein,90709
chr12,NC_690882.1,59568269,59605647,-,rRNA,LOC790077,GENE25,Gene 25 protein,5312
chr12,NC_116418.1,100412732,100420626,+,miRNA,LOC317221,GENE26,Gene 26 protein,77943
chr12,NC_960778.1,4438843,4470853,+,tRNA,LOC517643,GENE27,Gene 27 protein,11084
chr12,NC_691353.1,79265063,79308704,-,lncRNA,LOC352153,GENE28,Gene 28 protein,75277
chr12,NC_666820.1,107067041,107113017,-,tRNA,LOC447843,GENE29,Gene 29 protein,51311
chr12,NC_859340.1,34353388,34377559,+,tRNA,LOC182237,GENE30,Gene 30 protein,66639
chr12,NC_202430.1,45944569,45966398,-,protein_coding,LOC558320,GENE31,Gene 31 protein,31427
chr12,NC_734565.1,107041898,107076952,+,miRNA,LOC906360,GENE32,Gene 32 protein,81460
chr12,NC_131064.1,106906622,106951761,-,miRNA,LOC764926,GENE33,Gene 33 protein,36825
chr12,NC_339220.1,108283113,108313847,-,pseudogene,LOC473095,GENE34,Gene 34 protein,73487
chr12,NC_294760.1,108175916,108180570,-,pseudogene,LOC812711,GENE35,Gene 35 protein,77791
chr12,NC_909676.1,60351070,60370813,-,protein_coding,LOC748665,GENE36,Gene 36 protein,39715
chr12,NC_177077.1,52315024,52340513,+,tRNA,LOC186023,GENE37,Gene 37 protein,36123
chr12,NC_846247.1,124561500,124568941,+,pseudogene,LOC921968,GENE38,Gene 38 protein,84086
chr12,NC_508548.1,49502807,49528418,+,tRNA,LOC432061,GENE39,Gene 39 protein,48277
chr12,NC_105447.1,78600947,78644382,+,protein_coding,LOC423241,GENE40,Gene 40 protein,59292
chr12,NC_207197.1,105494037,105529603,-,miRNA,LOC238943,GENE41,Gene 41 protein,12442
chr12,NC_570646.1,14052821,14096189,+,pseudogene,LOC684041,GENE42,Gene 42 protein,73710
chr12,NC_127537.1,127916875,127923370,-,protein_coding,LOC193972,GENE43,Gene 43 protein,47388
chr12,NC_727094.1,113913164,113927837,+,rRNA,LOC922543,GENE44,Gene 44 protein,43523
chr12,NC_406024.1,79790286,79802416,-,protein_coding,LOC533911,GENE45,Gene 45 protein,51829
chr13,NC_686716.1,33866262,33890931,+,tRNA,LOC354533,GENE1,Gene 1 protein,75967
chr13,NC_499226.1,65276852,65301105,+,tRNA,LOC277735,GENE2,Gene 2 protein,19198
chr13,NC_381444.1,40171048,40209432,-,miRNA,LOC617077,GENE3,Gene 3 protein,20127
chr13,NC_555791.1,92896686,92914079,+,lncRNA,LOC389366,GENE4,Gene 4 protein,56194
chr13,NC_920685.1,79657591,79669208,-,pseudogene,LOC180657,GENE5,Gene 5 protein,48333
chr13,NC_855917.1,73211160,73222012,-,lncRNA,LOC755395,GENE6,Gene 6 protein,65985
chr13,NC_212168.1,107573479,107580774,+,pseudogene,LOC242071,GENE7,Gene 7 protein,40932
chr13,NC_448354.1,41638255,41675248,+,pseudogene,LOC982495,GENE8,Gene 8 protein,82289
chr13,NC_561607.1,24345082,24380166,-,miRNA,LOC450996,GENE9,Gene 9 protein,57441
chr13,NC_436241.1,89480419,89526524,+,miRNA,LOC732512,GENE10,Gene 10 protein,92133
chr13,NC_429445.1,56828215,56865666,+,pseudogene,LOC286266,GENE11,Gene 11 protein,53198
chr13,NC_870571.1,75211483,75244393,-,miRNA,LOC828716,GENE12,Gene 12 protein,83955
chr13,NC_919959.1,48632681,48657065,-,rRNA,LOC354200,GENE13,Gene 13 protein,43714
chr13,NC_956156.1,7767857,7806635,-,miRNA,LOC924040,GENE14,Gene 14 protein,52502
chr13,NC_691240.1,106202729,106206769,-,protein_coding,LOC309505,GENE15,Gene 15 protein,78624
chr13,NC_904905.1,76098646,76125806,+,tRNA,LOC676820,GENE16,Gene 16 protein,4527
chr13,NC_319832.1,77940866,77959499,-,tRNA,LOC559753,GENE17,Gene 17 protein,39185
chr13,NC_805668.1,17889600,17907614,+,pseudogene,LOC623557,GENE18,Gene 18 protein,19242
chr13,NC_364955.1,17744180,17786801,-,lncRNA,LOC790658,GENE19,Gene 19 protein,21203
chr13,NC_177558.1,101626959,101630811,-,pseudogene,LOC570880,GENE20,Gene 20 protein,79372
chr13,NC_520274.1,72992046,73020088,-,rRNA,LOC660324,GENE21,Gene 21 protein,67402
chr13,NC_138551.1,57412219,57453609,-,rRNA,LOC929130,GENE22,Gene 22 protein,48124
chr13,NC_906306.1,66446143,66473265,+,protein_coding,LOC360289,GENE23,Gene 23 protein,87193
chr13,NC_778428.1,56781097,56791257,-,lncRNA,LOC742439,GENE24,Gene 24 protein,6806
chr13,NC_934908.1,68415725,68456145,-,miRNA,LOC551365,GENE25,Gene 25 protein,14886
chr13,NC_371306.1,72145464,72180001,+,protein_coding,LOC332785,GENE26,Gene 26 protein,67935
chr13,NC_492292.1,105499615,105547497,+,pseudogene,LOC510133,GENE27,Gene 27 protein,61694
chr13,NC_125755.1,14260134,14289616,+,miRNA,LOC606222,GENE28,Gene 28 protein,14703
chr13,NC_190025.1,22506697,22539814,-,pseudogene,LOC221707,GENE29,Gene 29 protein,96702
chr13,NC_427040.1,35709212,35742122,+,miRNA,LOC459731,GENE30,Gene 30 protein,60681
chr13,NC_606384.1,24868424,24901920,+,rRNA,LOC465219,GENE31,Gene 31 protein,63411
chr13,NC_857065.1,68051050,68096361,+,pseudogene,LOC830609,GENE32,Gene 32 protein,60303
chr14,NC_414849.1,26759117,26798584,-,protein_coding,LOC146853,GENE1,Gene 1 protein,94163
chr14,NC_990429.1,24103801,24138694,+,protein_coding,LOC459743,GENE2,Gene 2 protein,85930
chr14,NC_938913.1,68333769,68365776,+,tRNA,LOC272337,GENE3,Gene 3 protein,98057
chr14,NC_282927.1,103869254,103909786,+,rRNA,LOC678719,GENE4,Gene 4 protein,21989
chr14,NC_547080.1,72768141,72781464,-,rRNA,LOC584498,GENE5,Gene 5 protein,31389
chr14,NC_293411.1,99563911,99611731,-,tRNA,LOC295440,GENE6,Gene 6 protein,84948
chr14,NC_130610.1,82524160,82533003,-,pseudogene,LOC873207,GENE7,Gene 7 protein,81492
chr14,NC_720970.1,18857506,18874962,+,pseudogene,LOC550418,GENE8,Gene 8 protein,51965
chr14,NC_325230.1,46792999,46804105,+,tRNA,LOC315780,GENE9,Gene 9 protein,37483
chr14,NC_206694.1,48402504,48410208,+,rRNA,LOC938338,GENE10,Gene 10 protein,71371
chr14,NC_441819.1,83263963,83268676,+,miRNA,LOC306647,GENE11,Gene 11 protein,60972
chr14,NC_803281.1,57449051,57460807,+,miRNA,LOC613261,GENE12,Gene 12 protein,70168
chr14,NC_507517.1,32018507,32055885,-,rRNA,LOC741003,GENE13,Gene 13 protein,52451
chr14,NC_469082.1,65247039,65262523,+,miRNA,LOC986589,GENE14,Gene 14 protein,61012
chr14,NC_840282.1,90927527,90963030,+,tRNA,LOC939503,GENE15,Gene 15 protein,39986
chr14,NC_240454.1,102672098,102713845,+,tRNA,LOC428399,GENE16,Gene 16 protein,16448
chr14,NC_222629.1,50925596,50971709,+,miRNA,LOC291936,GENE17,Gene 17 protein,49929
chr14,NC_507333.1,88155042,88164575,+,rRNA,LOC538555,GENE18,Gene 18 protein,79174
chr14,NC_502349.1,56952293,56958542,+,rRNA,LOC543588,GENE19,Gene 19 protein,25347
chr14,NC_663483.1,15031115,15051316,-,tRNA,LOC827117,GENE20,Gene 20 protein,85575
chr14,NC_274971.1,82538757,82549443,+,rRNA,LOC613426,GENE21,Gene 21 protein,38858
chr14,NC_429861.1,90593043,90626050,+,lncRNA,LOC982885,GENE22,Gene 22 protein,60113
chr14,NC_110048.1,77302069,77347912,+,miRNA,LOC608149,GENE23,Gene 23 protein,18895
chr14,NC_688861.1,86537411,86585967,+,pseudogene,LOC629990,GENE24,Gene 24 protein,86599
chr14,NC_817956.1,81931756,81981360,-,pseudogene,LOC615611,GENE25,Gene 25 protein,55477
chr14,NC_275377.1,10858430,10862804,-,pseudogene,LOC186686,GENE26,Gene 26 protein,75107
chr14,NC_406278.1,57797272,57827254,+,lncRNA,LOC134283,GENE27,Gene 27 protein,37025
chr14,NC_402692.1,19761007,19797440,+,rRNA,LOC276379,GENE28,Gene 28 protein,60942
chr14,NC_635618.1,12669021,12693218,-,rRNA,LOC218710,GENE29,Gene 29 protein,76066
chr14,NC_912764.1,55380248,55384331,+,miRNA,LOC669488,GENE30,Gene 30 protein,49085
chr14,NC_562806.1,16513328,16560807,+,tRNA,LOC672892,GENE31,Gene 31 protein,29644
chr14,NC_871740.1,37301803,37322906,-,protein_coding,LOC970392,GENE32,Gene 32 protein,86678
chr14,NC_133796.1,61088371,61100125,+,miRNA,LOC571578,GENE33,Gene 33 protein,35447
chr14,NC_560398.1,89984303,90001204,-,protein_coding,LOC223088,GENE34,Gene 34 protein,32056
chr14,NC_716482.1,68355980,68364426,+,tRNA,LOC822608,GENE35,Gene 35 protein,46957
chr14,NC_746081.1,104536059,104585290,-,lncRNA,LOC245998,GENE36,Gene 36 protein,28082
chr14,NC_697766.1,86112533,86139649,+,protein_coding,LOC467856,GENE37,Gene 37 protein,70767
chr14,NC_664939.1,79257203,79299526,-,rRNA,LOC276556,GENE38,Gene 38 protein,43421
chr14,NC_700556.1,65849277,65883193,-,miRNA,LOC380329,GENE39,Gene 39 protein,68425
chr14,NC_886530.1,30367797,30395139,+,lncRNA,LOC923856,GENE40,Gene 40 protein,54948
chr14,NC_787757.1,90020287,90032310,+,miRNA,LOC233051,GENE41,Gene 41 protein,92937
chr14,NC_253347.1,29470827,29481542,+,lncRNA,LOC845951,GENE42,Gene 42 protein,43217
chr14,NC_511776.1,91345281,91362444,+,tRNA,LOC613234,GENE43,Gene 43 protein,19634
chr14,NC_534346.1,94066816,94073598,-,tRNA,LOC493396,GENE44,Gene 44 protein,60243
chr14,NC_933197.1,56418065,56437857,+,tRNA,LOC906233,GENE45,Gene 45 protein,13202
chr14,NC_886224.1,11145633,11177315,-,rRNA,LOC391740,GENE46,Gene 46 protein,92056
chr14,NC_611751.1,87310744,87330624,-,pseudogene,LOC443187,GENE47,Gene 47 protein,77278
chr14,NC_197666.1,104357354,104396421,+,tRNA,LOC866437,GENE48,Gene 48 protein,61089
chr14,NC_934328.1,41772086,41791159,-,protein_coding,LOC660384,GENE49,Gene 49 protein,53129
chr14,NC_964915.1,29496163,29534337,+,pseudogene,LOC322142,GENE50,Gene 50 protein,65843
chr14,NC_968581.1,23783333,23802159,-,miRNA,LOC397368,GENE51,Gene 51 protein,45270
chr14,NC_993829.1,21686325,21697707,+,rRNA,LOC608913,GENE52,Gene 52 protein,46054
chr14,NC_204411.1,100636661,100643096,+,protein_coding,LOC756596,GENE53,Gene 53 protein,61238
chr14,NC_999312.1,33063684,33089503,+,protein_coding,LOC265657,GENE54,Gene 54 protein,58840
chr14,NC_548580.1,90339465,90377340,-,protein_coding,LOC312146,GENE55,Gene 55 protein,91255
chr14,NC_416528.1,104661902,104696230,+,tRNA,LOC266699,GENE56,Gene 56 protein,36916
chr14,NC_477943.1,97236681,97262850,+,tRNA,LOC362552,GENE57,Gene 57 protein,11803
chr14,NC_780432.1,12770380,12805974,-,tRNA,LOC273565,GENE58,Gene 58 protein,7787
chr14,NC_420349.1,77640509,77686542,-,tRNA,LOC861253,GENE59,Gene 59 protein,92677
chr14,NC_787326.1,104496445,104505074,+,pseudogene,LOC195629,GENE60,Gene 60 protein,93235
chr14,NC_323788.1,106080037,106109532,+,protein_coding,LOC599968,GENE61,Gene 61 protein,11215
chr14,NC_337178.1,105251494,105282113,+,rRNA,LOC644676,GENE62,Gene 62 protein,90126
chr14,NC_108454.1,26879149,26888413,-,protein_coding,LOC829386,GENE63,Gene 63 protein,46032
chr14,NC_827744.1,43169838,43217322,+,pseudogene,LOC238595,GENE64,Gene 64 protein,63613
chr14,NC_501677.1,98428226,98435947,+,lncRNA,LOC193670,GENE65,Gene 65 protein,96782
chr14,NC_428572.1,32102177,32110550,+,protein_coding,LOC485416,GENE66,Gene 66 protein,40223
chr14,NC_911032.1,29564339,29614234,+,pseudogene,LOC952878,GENE67,Gene 67 protein,99717
chr14,NC_810029.1,42966200,42976184,+,tRNA,LOC249792,GENE68,Gene 68 protein,9966
chr14,NC_781595.1,45645724,45676708,+,rRNA,LOC272088,GENE69,Gene 69 protein,58684
chr14,NC_323404.1,70997827,71007113,-,tRNA,LOC758589,GENE70,Gene 70 protein,99077
chr14,NC_746002.1,78749101,78781653,+,pseudogene,LOC819916,GENE71,Gene 71 protein,58984
chr14,NC_205345.1,53799693,53831748,+,protein_coding,LOC246814,GENE72,Gene 72 protein,99624
chr14,NC_865470.1,63707605,63717034,+,rRNA,LOC502686,GENE73,Gene 73 protein,47076
chr14,NC_929504.1,79937564,79987127,-,miRNA,LOC246622,GENE74,Gene 74 protein,33477
chr14,NC_188341.1,11121186,11157484,-,tRNA,LOC360221,GENE75,Gene 75 protein,73534
chr14,NC_128127.1,101731912,101756341,-,tRNA,LOC989079,GENE76,Gene 76 protein,87298
chr14,NC_642899.1,91900600,91907372,-,lncRNA,LOC736408,GENE77,Gene 77 protein,67784
chr14,NC_510780.1,102253332,102302851,+,tRNA,LOC409898,GENE78,Gene 78 protein,85694
chr14,NC_618927.1,40833588,40874493,+,lncRNA,LOC504630,GENE79,Gene 79 protein,15777
chr15,NC_769077.1,43763896,43796718,+,pseudogene,LOC722780,GENE1,Gene 1 protein,10307
chr15,NC_431845.1,75113292,75137855,+,miRNA,LOC238394,GENE2,Gene 2 protein,51703
chr15,NC_672896.1,2422523,2435439,-,miRNA,LOC816116,GENE3,Gene 3 protein,23645
chr15,NC_117500.1,26479085,26508264,-,protein_coding,LOC715895,GENE4,Gene 4 protein,9851
chr15,NC_326222.1,8740145,8776407,+,miRNA,LOC141761,GENE5,Gene 5 protein,8925
chr15,NC_400404.1,68073509,68092777,-,rRNA,LOC759104,GENE6,Gene 6 protein,94405
chr15,NC_835901.1,76068554,76090287,-,pseudogene,LOC521818,GENE7,Gene 7 protein,11803
chr15,NC_187657.1,37909281,37948228,+,miRNA,LOC424960,GENE8,Gene 8 protein,11357
chr15,NC_662445.1,90501430,90509040,+,lncRNA,LOC442622,GENE9,Gene 9 protein,52213
chr15,NC_832614.1,49323966,49364888,+,miRNA,LOC558737,GENE10,Gene 10 protein,96677
chr15,NC_356355.1,8436900,8480813,+,protein_coding,LOC190400,GENE11,Gene 11 protein,57948
chr15,NC_742039.1,95879593,95919849,+,pseudogene,LOC738407,GENE12,Gene 12 protein,8212
chr15,NC_877722.1,68182045,68219663,-,tRNA,LOC790017,GENE13,Gene 13 protein,98079
chr15,NC_113280.1,18368849,18416181,+,protein_coding,LOC842287,GENE14,Gene 14 protein,18984
chr15,NC_620526.1,32463575,32494733,+,lncRNA,LOC463546,GENE15,Gene 15 protein,69551
chr15,NC_489933.1,64219240,64258086,-,lncRNA,LOC233096,GENE16,Gene 16 protein,99274
chr15,NC_223791.1,87846642,87892578,-,tRNA,LOC908903,GENE17,Gene 17 protein,4847
chr15,NC_385192.1,74185474,74191922,-,pseudogene,LOC649300,GENE18,Gene 18 protein,9371
chr15,NC_704663.1,6310715,6340576,-,tRNA,LOC758015,GENE19,Gene 19 protein,11101
chr15,NC_635593.1,66188429,66198503,-,pseudogene,LOC477617,GENE20,Gene 20 protein,8266
chr15,NC_274987.1,92512166,92544989,-,rRNA,LOC485548,GENE21,Gene 21 protein,21618
chr15,NC_701790.1,17786927,17811218,-,protein_coding,LOC806866,GENE22,Gene 22 protein,95736
chr15,NC_876764.1,40567715,40615566,+,lncRNA,LOC633541,GENE23,Gene 23 protein,1336
chr15,NC_356430.1,43670727,43695039,+,protein_coding,LOC148215,GENE24,Gene 24 protein,62835
chr15,NC_257375.1,59780868,59783250,-,pseudogene,LOC287654,GENE25,Gene 25 protein,5635
chr15,NC_437433.1,8915995,8958774,-,lncRNA,LOC360322,GENE26,Gene 26 protein,55559
chr15,NC_966120.1,75273084,75315863,-,miRNA,LOC181670,GENE27,Gene 27 protein,75912
chr15,NC_626428.1,18421829,18438251,-,protein_coding,LOC806033,GENE28,Gene 28 protein,7903
chr15,NC_943409.1,46673028,46706399,+,lncRNA,LOC640828,GENE29,Gene 29 protein,7019
chr15,NC_587686.1,52862173,52896708,-,protein_coding,LOC396020,GENE30,Gene 30 protein,41723
chr15,NC_679958.1,30690972,30706790,-,protein_coding,LOC578933,GENE31,Gene 31 protein,2044
chr15,NC_405759.1,33943291,33971896,-,lncRNA,LOC691194,GENE32,Gene 32 protein,40834
chr15,NC_486162.1,64687277,64719451,+,pseudogene,LOC720432,GENE33,Gene 33 protein,65665
chr15,NC_673108.1,63942020,63981928,+,tRNA,LOC897423,GENE34,Gene 34 protein,33129
chr15,NC_529954.1,83013877,83018593,+,protein_coding,LOC125071,GENE35,Gene 35 protein,31539
chr15,NC_980357.1,47478941,47484422,-,tRNA,LOC827146,GENE36,Gene 36 protein,2257
chr15,NC_895794.1,37911773,37937055,-,protein_coding,LOC789233,GENE37,Gene 37 protein,50319
chr15,NC_315161.1,53059636,53098241,-,protein_coding,LOC655550,GENE38,Gene 38 protein,32217
chr15,NC_162804.1,42247406,42292074,-,pseudogene,LOC249289,GENE39,Gene 39 protein,94277
chr15,NC_146032.1,44294441,44319463,-,protein_coding,LOC342716,GENE40,Gene 40 protein,69125
chr15,NC_490586.1,52110809,52117351,-,tRNA,LOC580728,GENE41,Gene 41 protein,99028
chr15,NC_200219.1,47346348,47370088,+,rRNA,LOC629979,GENE42,Gene 42 protein,18499
chr15,NC_720647.1,93744761,93770578,-,protein_coding,LOC695403,GENE43,Gene 43 protein,9163
chr15,NC_237057.1,18563212,18580264,-,tRNA,LOC348273,GENE44,Gene 44 protein,39230
chr15,NC_939717.1,87232497,87280573,-,miRNA,LOC512040,GENE45,Gene 45 protein,92845
chr15,NC_574751.1,94918476,94920147,-,miRNA,LOC385166,GENE46,Gene 46 protein,31619
chr15,NC_242723.1,82151235,82193659,+,lncRNA,LOC917823,GENE47,Gene 47 protein,77638
chr15,NC_210790.1,68760194,68765989,+,lncRNA,LOC272359,GENE48,Gene 48 protein,59925
chr15,NC_526259.1,90681386,90687184,-,miRNA,LOC226601,GENE49,Gene 49 protein,71244
chr15,NC_573869.1,2707411,2737711,-,lncRNA,LOC423284,GENE50,Gene 50 protein,61731
chr15,NC_194813.1,83813817,83825566,-,protein_coding,LOC265271,GENE51,Gene 51 protein,90922
chr15,NC_830729.1,89909441,89947928,-,tRNA,LOC732608,GENE52,Gene 52 protein,6286
chr15,NC_255528.1,80016795,80051156,+,miRNA,LOC195643,GENE53,Gene 53 protein,94212
chr15,NC_515492.1,31316359,31324753,+,miRNA,LOC638401,GENE54,Gene 54 protein,7416
chr15,NC_959926.1,3915144,3944524,-,miRNA,LOC282313,GENE55,Gene 55 protein,5073
chr15,NC_682959.1,83749971,83781591,-,pseudogene,LOC884417,GENE56,Gene 56 protein,73105
chr15,NC_584487.1,94360645,94405049,+,protein_coding,LOC206857,GENE57,Gene 57 protein,19322
chr15,NC_164664.1,35082512,35114423,+,protein_coding,LOC970708,GENE58,Gene 58 protein,30135
chr15,NC_963684.1,24381104,24385295,+,lncRNA,LOC520040,GENE59,Gene 59 protein,49790
chr15,NC_714590.1,12585000,12611000,+,rRNA,LOC371393,GENE60,Gene 60 protein,10828
chr15,NC_307356.1,2826016,2830647,+,protein_coding,LOC777366,GENE61,Gene 61 protein,59121
chr15,NC_988432.1,20160188,20203268,+,protein_coding,LOC969642,GENE62,Gene 62 protein,44456
chr15,NC_583388.1,30922201,30951872,+,protein_coding,LOC153097,GENE63,Gene 63 protein,23018
chr15,NC_514186.1,54354875,54397549,-,tRNA,LOC620226,GENE64,Gene 64 protein,4864
chr15,NC_547389.1,13431233,13460835,-,tRNA,LOC281201,GENE65,Gene 65 protein,47392
chr15,NC_388339.1,54321525,54345997,+,lncRNA,LOC393448,GENE66,Gene 66 protein,59459
chr15,NC_743937.1,86787822,86796902,+,protein_coding,LOC749253,GENE67,Gene 67 protein,81868
chr15,NC_409440.1,17932891,17959322,+,tRNA,LOC623125,GENE68,Gene 68 protein,55000
chr15,NC_191982.1,32138060,32170246,-,protein_coding,LOC393366,GENE69,Gene 69 protein,51202
chr15,NC_309146.1,51396836,51427947,+,pseudogene,LOC773870,GENE70,Gene 70 protein,69919
chr15,NC_941134.1,83960395,83984009,+,tRNA,LOC670065,GENE71,Gene 71 protein,3559
chr15,NC_476556.1,71314087,71320027,-,tRNA,LOC602985,GENE72,Gene 72 protein,72371
chr15,NC_693128.1,29184871,29214629,-,miRNA,LOC626797,GENE73,Gene 73 protein,43153
chr15,NC_288550.1,12063776,12072564,-,miRNA,LOC127329,GENE74,Gene 74 protein,42795
chr15,NC_950069.1,89781330,89806364,+,protein_coding,LOC916356,GENE75,Gene 75 protein,37822
chr15,NC_655149.1,52105527,52117807,+,pseudogene,LOC474795,GENE76,Gene 76 protein,77544
chr15,NC_204998.1,81710372,81727903,+,lncRNA,LOC359896,GENE77,Gene 77 protein,87096
chr15,NC_659614.1,80666548,80696451,+,miRNA,LOC955937,GENE78,Gene 78 protein,97607
chr15,NC_703656.1,40908249,40919391,+,lncRNA,LOC987624,GENE79,Gene 79 protein,51911
chr15,NC_284654.1,65751053,65800408,-,lncRNA,LOC348041,GENE80,Gene 80 protein,78662
chr15,NC_831514.1,25668906,25674437,-,tRNA,LOC476211,GENE81,Gene 81 protein,78537
chr15,NC_834591.1,20781938,20821216,+,tRNA,LOC468765,GENE82,Gene 82 protein,75403
chr15,NC_297377.1,11235474,11264612,+,rRNA,LOC977340,GENE83,Gene 83 protein,65517
chr15,NC_614259.1,25358425,25389381,-,lncRNA,LOC139807,GENE84,Gene 84 protein,12830
chr15,NC_730889.1,78981540,79021801,+,lncRNA,LOC329437,GENE85,Gene 85 protein,3612
chr15,NC_447848.1,77557397,77569156,-,protein_coding,LOC743966,GENE86,Gene 86 protein,27406
chr15,NC_851763.1,64723935,64772176,+,miRNA,LOC286080,GENE87,Gene 87 protein,43413
chr16,NC_254887.1,86504718,86518997,+,protein_coding,LOC715104,GENE1,Gene 1 protein,93365
chr16,NC_987599.1,63053839,63099090,+,protein_coding,LOC651860,GENE2,Gene 2 protein,48826
chr16,NC_838761.1,61066110,61102254,+,miRNA,LOC794303,GENE3,Gene 3 protein,52851
chr16,NC_416423.1,29905505,29937687,+,miRNA,LOC438273,GENE4,Gene 4 protein,18884
chr16,NC_558089.1,78213713,78240251,+,tRNA,LOC930307,GENE5,Gene 5 protein,84789
chr16,NC_432695.1,23350723,23383848,-,tRNA,LOC282664,GENE6,Gene 6 protein,93691
chr16,NC_797860.1,46113251,46140440,-,lncRNA,LOC717558,GENE7,Gene 7 protein,23983
chr16,NC_869649.1,29109512,29123016,-,miRNA,LOC821942,GENE8,Gene 8 protein,39602
chr16,NC_864234.1,40924950,40946619,+,lncRNA,LOC101885,GENE9,Gene 9 protein,93013
chr16,NC_133955.1,89498014,89545871,-,rRNA,LOC290926,GENE10,Gene 10 protein,79956
chr16,NC_331625.1,75108148,75129279,-,rRNA,LOC770718,GENE11,Gene 11 protein,75127
chr16,NC_247475.1,49801515,49808493,+,pseudogene,LOC447255,GENE12,Gene 12 protein,98693
chr16,NC_463656.1,48290951,48309104,+,lncRNA,LOC435039,GENE13,Gene 13 protein,23005
chr16,NC_802571.1,35024917,35059465,+,tRNA,LOC770147,GENE14,Gene 14 protein,96588
chr16,NC_111949.1,85667156,85707227,-,pseudogene,LOC378095,GENE15,Gene 15 protein,28483
chr16,NC_171087.1,89298479,89308982,+,tRNA,LOC467506,GENE16,Gene 16 protein,34640
chr16,NC_101343.1,1081883,1112804,+,tRNA,LOC150486,GENE17,Gene 17 protein,51585
chr16,NC_540038.1,13396138,13414043,-,tRNA,LOC274418,GENE18,Gene 18 protein,55266
chr16,NC_468292.1,73363376,73388329,-,pseudogene,LOC672547,GENE19,Gene 19 protein,50197
chr16,NC_927043.1,25292630,25338630,+,pseudogene,LOC706135,GENE20,Gene 20 protein,86323
chr16,NC_573209.1,4364423,4404137,+,lncRNA,LOC177289,GENE21,Gene 21 protein,5379
chr16,NC_434198.1,81025517,81066413,-,protein_coding,LOC373812,GENE22,Gene 22 protein,14726
chr16,NC_278368.1,32027921,32056334,+,miRNA,LOC493696,GENE23,Gene 23 protein,22090
chr16,NC_197627.1,84849483,84878418,+,rRNA,LOC454366,GENE24,Gene 24 protein,78860
chr16,NC_132498.1,51317069,51336613,-,tRNA,LOC552275,GENE25,Gene 25 protein,86673
chr16,NC_555292.1,89481751,89495009,+,rRNA,LOC264735,GENE26,Gene 26 protein,8019
chr16,NC_315535.1,65404697,65454455,+,miRNA,LOC299212,GENE27,Gene 27 protein,54645
chr16,NC_395198.1,18433734,18445470,-,tRNA,LOC411847,GENE28,Gene 28 protein,32135
chr16,NC_511987.1,36313515,36358465,+,protein_coding,LOC699544,GENE29,Gene 29 protein,73045
chr16,NC_157152.1,9725105,9761069,-,lncRNA,LOC478356,GENE30,Gene 30 protein,1500
chr16,NC_408857.1,21754924,21795857,-,protein_coding,LOC963918,GENE31,Gene 31 protein,87772
chr16,NC_201698.1,41534749,41549964,-,lncRNA,LOC126985,GENE32,Gene 32 protein,28125
chr16,NC_405986.1,41935879,41953909,+,tRNA,LOC185916,GENE33,Gene 33 protein,63071
chr16,NC_923002.1,32569247,32590961,+,miRNA,LOC516774,GENE34,Gene 34 protein,62727
chr16,NC_377877.1,83127288,83171829,-,tRNA,LOC195563,GENE35,Gene 35 protein,85130
chr16,NC_489043.1,35774971,35804415,-,lncRNA,LOC499974,GENE36,Gene 36 protein,49418
chr16,NC_146784.1,39601580,39622501,+,pseudogene,LOC376085,GENE37,Gene 37 protein,58637
chr16,NC_337232.1,61061537,61107805,-,miRNA,LOC977740,GENE38,Gene 38 protein,36200
chr16,NC_888775.1,31152238,31178096,+,lncRNA,LOC830302,GENE39,Gene 39 protein,88486
chr16,NC_800596.1,84470894,84508744,+,protein_coding,LOC460491,GENE40,Gene 40 protein,71968
chr16,NC_338564.1,60450924,60495209,-,rRNA,LOC680493,GENE41,Gene 41 protein,8993
chr16,NC_538967.1,47289674,47317718,-,rRNA,LOC661527,GENE42,Gene 42 protein,91055
chr16,NC_347088.1,36008279,36017985,-,rRNA,LOC599397,GENE43,Gene 43 protein,40171
chr16,NC_995420.1,70101342,70120379,+,pseudogene,LOC849003,GENE44,Gene 44 protein,5551
chr16,NC_893969.1,10931890,10949296,+,protein_coding,LOC570852,GENE45,Gene 45 protein,23659
chr16,NC_947732.1,6049852,6080577,+,lncRNA,LOC302087,GENE46,Gene 46 protein,17539
chr16,NC_182175.1,63119115,63129611,+,pseudogene,LOC816308,GENE47,Gene 47 protein,58067
chr16,NC_255061.1,47866655,47903723,+,tRNA,LOC974625,GENE48,Gene 48 protein,78994
chr16,NC_862422.1,16513806,16537469,-,miRNA,LOC946561,GENE49,Gene 49 protein,9783
chr16,NC_683390.1,40178991,40202647,+,pseudogene,LOC516656,GENE50,Gene 50 protein,73358
chr16,NC_644932.1,33221540,33239372,-,miRNA,LOC580412,GENE51,Gene 51 protein,2620
chr16,NC_534574.1,23413511,23436238,-,protein_coding,LOC256911,GENE52,Gene 52 protein,20424
chr16,NC_690016.1,20786655,20817200,+,protein_coding,LOC917411,GENE53,Gene 53 protein,14237
chr16,NC_460572.1,5727745,5773267,-,rRNA,LOC530849,GENE54,Gene 54 protein,35620
chr16,NC_609172.1,61609503,61649716,-,tRNA,LOC699809,GENE55,Gene 55 protein,80817
chr16,NC_280564.1,2353722,2366051,-,protein_coding,LOC388792,GENE56,Gene 56 protein,53818
chr16,NC_738221.1,50070088,50073247,+,rRNA,LOC813884,GENE57,Gene 57 protein,91919
chr17,NC_515018.1,32078888,32099251,-,protein_coding,LOC447596,GENE1,Gene 1 protein,91507
chr17,NC_881975.1,22561013,22605254,+,protein_coding,LOC598302,GENE2,Gene 2 protein,36203
chr17,NC_454278.1,47304953,47316758,-,protein_coding,LOC957091,GENE3,Gene 3 protein,40722
chr17,NC_983788.1,47480429,47495373,-,miRNA,LOC615500,GENE4,Gene 4 protein,92250
chr17,NC_240913.1,37364820,37389748,+,lncRNA,LOC415076,GENE5,Gene 5 protein,98481
chr17,NC_382507.1,62083306,62121057,-,miRNA,LOC864201,GENE6,Gene 6 protein,55627
chr17,NC_563173.1,6839013,6852100,+,lncRNA,LOC321659,GENE7,Gene 7 protein,54368
chr17,NC_492073.1,8905586,8923667,-,rRNA,LOC960899,GENE8,Gene 8 protein,8367
chr17,NC_426236.1,44664078,44674674,+,protein_coding,LOC844037,GENE9,Gene 9 protein,67426
chr17,NC_918430.1,78977827,79020830,-,lncRNA,LOC992647,GENE10,Gene 10 protein,69719
chr17,NC_302127.1,48185527,48187540,+,lncRNA,LOC973390,GENE11,Gene 11 protein,27309
chr17,NC_134677.1,55173945,55176773,+,lncRNA,LOC578621,GENE12,Gene 12 protein,7626
chr17,NC_308781.1,29271429,29310785,-,tRNA,LOC387286,GENE13,Gene 13 protein,49280
chr17,NC_516224.1,8174037,8177060,-,rRNA,LOC766275,GENE14,Gene 14 protein,17236
chr17,NC_490559.1,13922356,13937893,+,lncRNA,LOC612530,GENE15,Gene 15 protein,78862
chr17,NC_597635.1,45777485,45817144,-,lncRNA,LOC715388,GENE16,Gene 16 protein,73264
chr17,NC_271456.1,55708376,55747180,-,miRNA,LOC978343,GENE17,Gene 17 protein,34903
chr17,NC_128783.1,52596899,52633959,+,miRNA,LOC505343,GENE18,Gene 18 protein,7507
chr17,NC_917711.1,74512557,74517143,+,rRNA,LOC324729,GENE19,Gene 19 protein,30012
chr17,NC_316773.1,10208631,10258499,+,tRNA,LOC382154,GENE20,Gene 20 protein,86404
chr17,NC_121026.1,75192303,75216528,-,rRNA,LOC918207,GENE21,Gene 21 protein,90417
chr17,NC_238741.1,66429075,66457598,+,pseudogene,LOC778818,GENE22,Gene 22 protein,23701
chr17,NC_364650.1,41922973,41967516,+,lncRNA,LOC737894,GENE23,Gene 23 protein,41037
chr17,NC_494763.1,24233277,24248503,-,pseudogene,LOC992952,GENE24,Gene 24 protein,46706
chr17,NC_328808.1,53999323,54044245,-,miRNA,LOC589368,GENE25,Gene 25 protein,40602
chr17,NC_207282.1,49451998,49458995,-,rRNA,LOC107704,GENE26,Gene 26 protein,68045
chr17,NC_778787.1,34097463,34140555,-,rRNA,LOC722615,GENE27,Gene 27 protein,80829
chr17,NC_817659.1,15763645,15786462,-,miRNA,LOC213355,GENE28,Gene 28 protein,64142
chr17,NC_389913.1,31732286,31782117,+,miRNA,LOC771712,GENE29,Gene 29 protein,43616
chr17,NC_787991.1,11692111,11709155,-,miRNA,LOC845635,GENE30,Gene 30 protein,86389
chr17,NC_257212.1,67499862,67507118,-,lncRNA,LOC642421,GENE31,Gene 31 protein,32496
chr17,NC_523727.1,73576576,73611513,+,rRNA,LOC792616,GENE32,Gene 32 protein,42888
chr18,NC_126691.1,8097043,8117237,+,tRNA,LOC787237,GENE1,Gene 1 protein,66191
chr18,NC_538897.1,72741274,72751792,-,miRNA,LOC524252,GENE2,Gene 2 protein,51891
chr18,NC_842464.1,63948248,63983035,+,rRNA,LOC699829,GENE3,Gene 3 protein,25892
chr18,NC_848021.1,78240533,78251561,-,tRNA,LOC333164,GENE4,Gene 4 protein,90957
chr18,NC_475911.1,74102592,74148845,-,tRNA,LOC631958,GENE5,Gene 5 protein,40347
chr18,NC_685365.1,48106403,48137850,+,tRNA,LOC289934,GENE6,Gene 6 protein,39506
chr18,NC_234159.1,15797605,15828859,+,pseudogene,LOC876909,GENE7,Gene 7 protein,34902
chr18,NC_451936.1,38037226,38087224,+,tRNA,LOC786224,GENE8,Gene 8 protein,12704
chr18,NC_334176.1,40353576,40400233,+,miRNA,LOC880360,GENE9,Gene 9 protein,41250
chr18,NC_489737.1,66398692,66429960,-,miRNA,LOC373216,GENE10,Gene 10 protein,77751
chr18,NC_992562.1,46901033,46936898,-,pseudogene,LOC223502,GENE11,Gene 11 protein,62674
chr18,NC_711922.1,38944162,38991860,+,tRNA,LOC708502,GENE12,Gene 12 protein,82350
chr18,NC_303993.1,43782501,43808071,+,pseudogene,LOC624788,GENE13,Gene 13 protein,16704
chr18,NC_412848.1,75157004,75176998,-,rRNA,LOC533174,GENE14,Gene 14 protein,8086
chr18,NC_310026.1,13754772,13773605,+,lncRNA,LOC459315,GENE15,Gene 15 protein,54633
chr18,NC_431752.1,38660290,38666307,-,lncRNA,LOC850432,GENE16,Gene 16 protein,24639
chr18,NC_448787.1,8321252,8330251,+,pseudogene,LOC761685,GENE17,Gene 17 protein,24176
chr18,NC_160831.1,52309619,52312715,-,tRNA,LOC104942,GENE18,Gene 18 protein,60251
chr18,NC_898169.1,61169572,61213935,-,lncRNA,LOC911117,GENE19,Gene 19 protein,23099
chr18,NC_923353.1,36521189,36548390,+,pseudogene,LOC900660,GENE20,Gene 20 protein,12539
chr18,NC_554779.1,77845411,77875720,+,rRNA,LOC764259,GENE21,Gene 21 protein,57283
chr18,NC_600590.1,39567750,39573855,-,pseudogene,LOC501936,GENE22,Gene 22 protein,1611
chr18,NC_309100.1,13587010,13617322,+,rRNA,LOC866151,GENE23,Gene 23 protein,49903
chr18,NC_893612.1,46306264,46350883,+,miRNA,LOC973703,GENE24,Gene 24 protein,70603
chr18,NC_809621.1,66727397,66741890,+,protein_coding,LOC104324,GENE25,Gene 25 protein,83141
chr18,NC_827213.1,27904333,27952240,+,lncRNA,LOC461076,GENE26,Gene 26 protein,41906
chr18,NC_502181.1,27370507,27408558,+,protein_coding,LOC627786,GENE27,Gene 27 protein,78158
chr18,NC_168458.1,6005950,6008569,-,lncRNA,LOC963862,GENE28,Gene 28 protein,6992
chr18,NC_578073.1,3128631,3175234,-,miRNA,LOC863187,GENE29,Gene 29 protein,69195
chr18,NC_820141.1,57663860,57680121,-,pseudogene,LOC240288,GENE30,Gene 30 protein,45922
chr18,NC_886553.1,6523959,6534026,-,miRNA,LOC297579,GENE31,Gene 31 protein,22611
chr18,NC_339513.1,57415945,57443982,-,protein_coding,LOC335217,GENE32,Gene 32 protein,96311
chr18,NC_869735.1,21736437,21746872,+,lncRNA,LOC122977,GENE33,Gene 33 protein,78292
chr18,NC_484398.1,119675,129136,+,protein_coding,LOC845652,GENE34,Gene 34 protein,86267
chr18,NC_771425.1,26233385,26266976,+,pseudogene,LOC368214,GENE35,Gene 35 protein,71088
chr18,NC_150290.1,40465237,40501019,+,rRNA,LOC794125,GENE36,Gene 36 protein,15170
chr18,NC_823255.1,52669705,52678601,+,protein_coding,LOC221414,GENE37,Gene 37 protein,55627
chr18,NC_229598.1,78006501,78049301,-,pseudogene,LOC673867,GENE38,Gene 38 protein,34126
chr18,NC_260565.1,40213379,40244693,-,tRNA,LOC315477,GENE39,Gene 39 protein,92120
chr18,NC_541315.1,758003,799788,+,miRNA,LOC793805,GENE40,Gene 40 protein,14235
chr18,NC_735053.1,905113,944441,-,rRNA,LOC834764,GENE41,Gene 41 protein,18978
chr18,NC_636435.1,9422004,9470303,-,protein_coding,LOC853681,GENE42,Gene 42 protein,81962
chr18,NC_219550.1,11651409,11689177,+,miRNA,LOC922880,GENE43,Gene 43 protein,14928
chr18,NC_738584.1,15533222,15565580,-,lncRNA,LOC309452,GENE44,Gene 44 protein,35471
chr18,NC_837606.1,77556782,77572071,+,miRNA,LOC529660,GENE45,Gene 45 protein,39712
chr18,NC_674765.1,58935615,58944542,+,protein_coding,LOC620465,GENE46,Gene 46 protein,28222
chr18,NC_345896.1,73417578,73419749,-,miRNA,LOC102871,GENE47,Gene 47 protein,2671
chr18,NC_975804.1,12934263,12947181,+,protein_coding,LOC702042,GENE48,Gene 48 protein,88690
chr18,NC_194458.1,30747215,30787325,-,lncRNA,LOC917392,GENE49,Gene 49 protein,68070
chr18,NC_858724.1,79332916,79345845,+,tRNA,LOC206210,GENE50,Gene 50 protein,34540
chr18,NC_410401.1,53973131,54010858,+,pseudogene,LOC376955,GENE51,Gene 51 protein,61853
chr18,NC_952679.1,43727391,43751060,+,protein_coding,LOC283188,GENE52,Gene 52 protein,6170
chr18,NC_940534.1,51944408,51966052,-,miRNA,LOC809641,GENE53,Gene 53 protein,41987
chr18,NC_221531.1,53989337,54018565,-,tRNA,LOC199613,GENE54,Gene 54 protein,7014
chr18,NC_795578.1,27612406,27647927,+,lncRNA,LOC778636,GENE55,Gene 55 protein,23349
chr18,NC_558976.1,15951428,15984131,-,miRNA,LOC752011,GENE56,Gene 56 protein,36167
chr18,NC_954551.1,14081528,14111583,+,miRNA,LOC459370,GENE57,Gene 57 protein,24969
chr18,NC_519692.1,24823448,24831036,+,pseudogene,LOC578715,GENE58,Gene 58 protein,36629
chr18,NC_991993.1,5503252,5528511,-,tRNA,LOC601476,GENE59,Gene 59 protein,56278
chr18,NC_238948.1,50522654,50546671,+,protein_coding,LOC829987,GENE60,Gene 60 protein,96212
chr18,NC_208751.1,29589478,29623843,+,lncRNA,LOC536236,GENE61,Gene 61 protein,78430
chr18,NC_811346.1,59609024,59619903,-,rRNA,LOC559447,GENE62,Gene 62 protein,24758
chr18,NC_741055.1,37292252,37300773,-,miRNA,LOC130216,GENE63,Gene 63 protein,90714
chr18,NC_611833.1,17556057,17575531,+,pseudogene,LOC218423,GENE64,Gene 64 protein,54907
chr18,NC_166412.1,22297928,22343557,-,protein_coding,LOC374320,GENE65,Gene 65 protein,86848
chr18,NC_838793.1,75642704,75664712,-,protein_coding,LOC810859,GENE66,Gene 66 protein,69788
chr18,NC_454733.1,31870093,31883578,+,tRNA,LOC644315,GENE67,Gene 67 protein,69564
chr18,NC_793856.1,13709569,13714217,+,pseudogene,LOC861949,GENE68,Gene 68 protein,33581
chr18,NC_795951.1,41007604,41026525,-,miRNA,LOC809147,GENE69,Gene 69 protein,85070
chr18,NC_979789.1,34193077,34240213,-,lncRNA,LOC966582,GENE70,Gene 70 protein,74183
chr18,NC_774652.1,54956769,54957866,+,protein_coding,LOC264550,GENE71,Gene 71 protein,67265
chr18,NC_273438.1,78426927,78458502,-,pseudogene,LOC178501,GENE72,Gene 72 protein,99491
chr18,NC_352593.1,61010677,61020212,-,miRNA,LOC446968,GENE73,Gene 73 protein,37458
chr18,NC_333524.1,24667790,24693277,+,rRNA,LOC677236,GENE74,Gene 74 protein,85320
chr18,NC_956794.1,78207941,78239592,-,pseudogene,LOC346415,GENE75,Gene 75 protein,11332
chr18,NC_940183.1,52599002,52648779,-,pseudogene,LOC700870,GENE76,Gene 76 protein,59733
chr18,NC_568784.1,40093954,40096681,+,pseudogene,LOC431414,GENE77,Gene 77 protein,16559
chr18,NC_785111.1,54816658,54852280,-,tRNA,LOC118632,GENE78,Gene 78 protein,14453
chr18,NC_137572.1,59644511,59688550,-,pseudogene,LOC684194,GENE79,Gene 79 protein,72971
chr18,NC_930244.1,37126182,37145890,+,protein_coding,LOC733553,GENE80,Gene 80 protein,82142
chr18,NC_689648.1,36419763,36430132,-,rRNA,LOC316899,GENE81,Gene 81 protein,86799
chr18,NC_480992.1,76185630,76195913,-,miRNA,LOC965401,GENE82,Gene 82 protein,8113
chr19,NC_448098.1,7643159,7655142,+,pseudogene,LOC687360,GENE1,Gene 1 protein,82232
chr19,NC_789089.1,12255092,12286890,-,tRNA,LOC480941,GENE2,Gene 2 protein,94836
chr19,NC_202170.1,19778933,19794872,-,protein_coding,LOC896204,GENE3,Gene 3 protein,87364
chr19,NC_457938.1,23693741,23722365,+,protein_coding,LOC472390,GENE4,Gene 4 protein,84055
chr19,NC_647341.1,57254215,57273704,-,rRNA,LOC492052,GENE5,Gene 5 protein,93025
chr19,NC_272129.1,3233211,3274172,+,protein_coding,LOC616342,GENE6,Gene 6 protein,19408
chr19,NC_366641.1,47798800,47828918,-,protein_coding,LOC740524,GENE7,Gene 7 protein,26679
chr19,NC_993590.1,24317665,24334945,+,protein_coding,LOC511981,GENE8,Gene 8 protein,29257
chr19,NC_851606.1,1826199,1840764,-,lncRNA,LOC454349,GENE9,Gene 9 protein,15125
chr19,NC_764000.1,12856935,12883578,-,protein_coding,LOC978146,GENE10,Gene 10 protein,89098
chr19,NC_579605.1,32105216,32148187,+,pseudogene,LOC790441,GENE11,Gene 11 protein,78242
chr19,NC_104548.1,6410114,6432367,+,pseudogene,LOC656127,GENE12,Gene 12 protein,97497
chr19,NC_553834.1,54034758,54084321,+,rRNA,LOC979562,GENE13,Gene 13 protein,77692
chr19,NC_919023.1,41345272,41359761,-,rRNA,LOC285810,GENE14,Gene 14 protein,91677
chr19,NC_954845.1,42993202,43001054,+,tRNA,LOC234618,GENE15,Gene 15 protein,14573
chr19,NC_729718.1,48854994,48885444,-,tRNA,LOC735605,GENE16,Gene 16 protein,43184
chr19,NC_738576.1,2855063,2862474,-,pseudogene,LOC826155,GENE17,Gene 17 protein,33537
chr19,NC_459513.1,33191145,33225388,-,pseudogene,LOC408463,GENE18,Gene 18 protein,60355
chr19,NC_532794.1,32234440,32245843,+,lncRNA,LOC731792,GENE19,Gene 19 protein,92752
chr19,NC_674416.1,46557316,46565555,-,tRNA,LOC429159,GENE20,Gene 20 protein,94306
chr19,NC_319899.1,4563158,4585542,+,lncRNA,LOC754487,GENE21,Gene 21 protein,94635
chr19,NC_462066.1,23058638,23100484,-,tRNA,LOC805034,GENE22,Gene 22 protein,18389
chr19,NC_668843.1,38067791,38071076,+,rRNA,LOC828038,GENE23,Gene 23 protein,84476
chr19,NC_221011.1,7740167,7754688,-,tRNA,LOC897730,GENE24,Gene 24 protein,47168
chr19,NC_698357.1,7422153,7430124,-,rRNA,LOC799565,GENE25,Gene 25 protein,94077
chr19,NC_884197.1,36173939,36194848,-,tRNA,LOC982260,GENE26,Gene 26 protein,70979
chr19,NC_947568.1,51688363,51704084,-,pseudogene,LOC113390,GENE27,Gene 27 protein,69515
chr19,NC_499371.1,18403750,18442461,+,protein_coding,LOC252386,GENE28,Gene 28 protein,7955
chr19,NC_379947.1,57778210,57790326,+,lncRNA,LOC886626,GENE29,Gene 29 protein,22094
chr19,NC_362732.1,28280762,28295699,-,tRNA,LOC253541,GENE30,Gene 30 protein,9130
chr19,NC_890200.1,54234634,54239769,-,lncRNA,LOC667460,GENE31,Gene 31 protein,5234
chr19,NC_207458.1,30384261,30429197,-,pseudogene,LOC746036,GENE32,Gene 32 protein,89542
chr19,NC_778553.1,18837371,18857955,+,tRNA,LOC688534,GENE33,Gene 33 protein,51972
chr19,NC_922405.1,9263766,9288317,+,rRNA,LOC935540,GENE34,Gene 34 protein,92242
chr20,NC_796772.1,14551300,14599271,-,tRNA,LOC149261,GENE1,Gene 1 protein,51014
chr20,NC_926394.1,33933647,33954721,-,pseudogene,LOC818430,GENE2,Gene 2 protein,41980
chr20,NC_879794.1,2943236,2946543,+,protein_coding,LOC363550,GENE3,Gene 3 protein,27619
chr20,NC_764575.1,7479933,7492138,-,lncRNA,LOC838857,GENE4,Gene 4 protein,94001
chr20,NC_673167.1,62939149,62946055,-,rRNA,LOC874320,GENE5,Gene 5 protein,80087
chr20,NC_302897.1,31953087,31969236,+,tRNA,LOC408467,GENE6,Gene 6 protein,59827
chr20,NC_178086.1,30881302,30922253,+,tRNA,LOC296059,GENE7,Gene 7 protein,23779
chr20,NC_142608.1,17455904,17482054,+,pseudogene,LOC549323,GENE8,Gene 8 protein,37583
chr20,NC_268746.1,4326156,4370026,-,lncRNA,LOC712353,GENE9,Gene 9 protein,34425
chr20,NC_588983.1,56187540,56189823,+,miRNA,LOC844163,GENE10,Gene 10 protein,21290
chr20,NC_438302.1,54659643,54661768,+,lncRNA,LOC725874,GENE11,Gene 11 protein,7665
chr20,NC_928278.1,47484057,47511227,-,pseudogene,LOC700495,GENE12,Gene 12 protein,73110
chr20,NC_922116.1,25798550,25819645,-,protein_coding,LOC842057,GENE13,Gene 13 protein,42662
chr20,NC_645895.1,54248890,54257894,+,lncRNA,LOC171488,GENE14,Gene 14 protein,67209
chr20,NC_669460.1,55422136,55466496,+,pseudogene,LOC663123,GENE15,Gene 15 protein,53876
chr20,NC_331942.1,59109219,59146851,+,miRNA,LOC323717,GENE16,Gene 16 protein,87944
chr20,NC_478323.1,45018675,45043892,-,miRNA,LOC407835,GENE17,Gene 17 protein,29632
chr20,NC_963699.1,5604381,5628553,-,rRNA,LOC888669,GENE18,Gene 18 protein,86105
chr20,NC_801432.1,20318082,20334118,+,protein_coding,LOC462814,GENE19,Gene 19 protein,59414
chr20,NC_743512.1,37532795,37566015,+,tRNA,LOC751303,GENE20,Gene 20 protein,32958
chr20,NC_436526.1,28290067,28335584,+,tRNA,LOC499898,GENE21,Gene 21 protein,15860
chr20,NC_666479.1,41090129,41091774,-,miRNA,LOC859143,GENE22,Gene 22 protein,38070
chr20,NC_962043.1,30670706,30688005,+,rRNA,LOC907921,GENE23,Gene 23 protein,50146
chr20,NC_145981.1,15950872,15981962,-,pseudogene,LOC410833,GENE24,Gene 24 protein,86397
chr20,NC_638857.1,45931617,45979060,+,miRNA,LOC186345,GENE25,Gene 25 protein,13577
chr20,NC_659106.1,26471947,26491835,+,rRNA,LOC107686,GENE26,Gene 26 protein,83173
chr20,NC_802897.1,60436852,60453939,+,lncRNA,LOC760093,GENE27,Gene 27 protein,28941
chr21,NC_315565.1,20809963,20823726,-,protein_coding,LOC663876,GENE1,Gene 1 protein,93109
chr21,NC_956429.1,42233277,42276222,-,tRNA,LOC175623,GENE2,Gene 2 protein,98896
chr21,NC_581532.1,42899087,42936203,+,protein_coding,LOC851690,GENE3,Gene 3 protein,44478
chr21,NC_176806.1,15425339,15446554,+,protein_coding,LOC156904,GENE4,Gene 4 protein,24329
chr21,NC_173863.1,38988665,39014430,-,rRNA,LOC702891,GENE5,Gene 5 protein,30837
chr21,NC_506881.1,1506368,1532924,-,pseudogene,LOC573039,GENE6,Gene 6 protein,83603
chr21,NC_431773.1,5885267,5929820,-,pseudogene,LOC117711,GENE7,Gene 7 protein,52052
chr21,NC_106185.1,18101960,18109410,+,rRNA,LOC772580,GENE8,Gene 8 protein,95409
chr21,NC_714054.1,16250865,16257298,+,tRNA,LOC147727,GENE9,Gene 9 protein,92866
chr21,NC_627262.1,19008234,19049098,+,miRNA,LOC211291,GENE10,Gene 10 protein,38989
chr21,NC_190707.1,37143861,37151277,-,rRNA,LOC395192,GENE11,Gene 11 protein,58367
chr21,NC_962057.1,40132875,40151933,-,pseudogene,LOC792818,GENE12,Gene 12 protein,5039
chr21,NC_659381.1,44574126,44607728,-,lncRNA,LOC330545,GENE13,Gene 13 protein,18875
chr21,NC_409307.1,39365186,39378762,-,rRNA,LOC764845,GENE14,Gene 14 protein,19884
chr21,NC_933635.1,5532019,5560535,-,tRNA,LOC864752,GENE15,Gene 15 protein,85926
chr21,NC_680412.1,18579375,18602808,-,protein_coding,LOC682032,GENE16,Gene 16 protein,19530
chr21,NC_105274.1,10492034,10502161,+,protein_coding,LOC700538,GENE17,Gene 17 protein,79204
chr21,NC_674122.1,16494487,16495642,-,rRNA,LOC189261,GENE18,Gene 18 protein,40936
chr21,NC_877446.1,42166990,42169948,+,tRNA,LOC861200,GENE19,Gene 19 protein,46069
chr21,NC_777308.1,36304667,36327114,+,pseudogene,LOC992819,GENE20,Gene 20 protein,68181
chr21,NC_292930.1,43783574,43826388,+,lncRNA,LOC331512,GENE21,Gene 21 protein,81856
chr21,NC_220190.1,9793374,9804168,-,lncRNA,LOC290167,GENE22,Gene 22 protein,88946
chr22,NC_583671.1,30214233,30237657,+,rRNA,LOC775990,GENE1,Gene 1 protein,73045
chr22,NC_804313.1,36330949,36379195,+,miRNA,LOC170634,GENE2,Gene 2 protein,33858
chr22,NC_860835.1,40985438,41023834,+,lncRNA,LOC708798,GENE3,Gene 3 protein,64857
chr22,NC_234443.1,8429442,8439970,-,miRNA,LOC803904,GENE4,Gene 4 protein,86914
chr22,NC_398987.1,30471444,30516777,+,protein_coding,LOC749609,GENE5,Gene 5 protein,10149
chr22,NC_609462.1,39822995,39872776,+,miRNA,LOC572536,GENE6,Gene 6 protein,44036
chr22,NC_712546.1,1988806,2022966,-,tRNA,LOC259797,GENE7,Gene 7 protein,75128
chr22,NC_549112.1,31012354,31042870,-,miRNA,LOC276831,GENE8,Gene 8 protein,1633
chr22,NC_923824.1,35414894,35426343,-,lncRNA,LOC332286,GENE9,Gene 9 protein,94349
chr22,NC_980919.1,43666194,43688319,-,miRNA,LOC476948,GENE10,Gene 10 protein,18603
chr22,NC_585331.1,909178,912632,-,pseudogene,LOC566991,GENE11,Gene 11 protein,48020
chr22,NC_678469.1,7034106,7052867,-,pseudogene,LOC214119,GENE12,Gene 12 protein,24038
chr22,NC_966589.1,41140759,41148460,+,miRNA,LOC246802,GENE13,Gene 13 protein,71597
chr22,NC_869177.1,31166661,31167802,+,miRNA,LOC757057,GENE14,Gene 14 protein,11022
chr22,NC_990856.1,22384899,22406879,+,protein_coding,LOC631815,GENE15,Gene 15 protein,83788
chr22,NC_707021.1,16630109,16677847,+,rRNA,LOC524814,GENE16,Gene 16 protein,78337
chr22,NC_678388.1,34675901,34683043,+,protein_coding,LOC373276,GENE17,Gene 17 protein,72233
chr22,NC_912853.1,5879277,5902287,-,tRNA,LOC255852,GENE18,Gene 18 protein,48948
chr22,NC_909652.1,2992371,3036235,-,lncRNA,LOC718241,GENE19,Gene 19 protein,97105
chr22,NC_587274.1,46376888,46401271,-,lncRNA,LOC625465,GENE20,Gene 20 protein,67900
chr22,NC_481540.1,49706925,49712174,+,pseudogene,LOC626560,GENE21,Gene 21 protein,2388
chr22,NC_817395.1,10639669,10659020,+,rRNA,LOC273899,GENE22,Gene 22 protein,68388
chr22,NC_266956.1,19699352,19715634,+,pseudogene,LOC287847,GENE23,Gene 23 protein,75233
chrX,NC_867562.1,17116233,17139011,+,tRNA,LOC606990,GENE1,Gene 1 protein,48028
chrX,NC_898461.1,115896251,115902326,+,lncRNA,LOC611329,GENE2,Gene 2 protein,31375
chrX,NC_487380.1,108807142,108836507,+,miRNA,LOC345386,GENE3,Gene 3 protein,6610
chrX,NC_929906.1,14007579,14022265,+,rRNA,LOC478799,GENE4,Gene 4 protein,51868
chrX,NC_148693.1,140441880,140455954,-,pseudogene,LOC141843,GENE5,Gene 5 protein,86003
chrX,NC_837920.1,53109395,53114888,-,protein_coding,LOC646699,GENE6,Gene 6 protein,84042
chrX,NC_376106.1,132999959,133035187,-,tRNA,LOC706739,GENE7,Gene 7 protein,72349
chrX,NC_785428.1,25186627,25219282,+,pseudogene,LOC496905,GENE8,Gene 8 protein,48880
chrX,NC_363807.1,57290864,57298680,+,rRNA,LOC494609,GENE9,Gene 9 protein,30215
chrX,NC_956934.1,134394903,134443095,-,miRNA,LOC461792,GENE10,Gene 10 protein,64813
chrX,NC_106918.1,51789101,51819593,-,rRNA,LOC626214,GENE11,Gene 11 protein,19214
chrX,NC_341162.1,8652442,8661701,-,lncRNA,LOC180832,GENE12,Gene 12 protein,68441
chrX,NC_257538.1,9718395,9734244,-,lncRNA,LOC295984,GENE13,Gene 13 protein,21625
chrX,NC_852146.1,77014300,77039473,-,rRNA,LOC956639,GENE14,Gene 14 protein,16509
chrX,NC_950576.1,119954677,119961051,+,pseudogene,LOC446265,GENE15,Gene 15 protein,95405
chrX,NC_808029.1,70834518,70859085,+,pseudogene,LOC602073,GENE16,Gene 16 protein,63786
chrX,NC_269078.1,110275293,110307893,+,rRNA,LOC778700,GENE17,Gene 17 protein,54857
chrX,NC_145240.1,151670863,151681748,+,lncRNA,LOC234097,GENE18,Gene 18 protein,76168
chrX,NC_760120.1,87317186,87318964,+,lncRNA,LOC637544,GENE19,Gene 19 protein,6136
chrX,NC_274421.1,46697588,46729050,+,protein_coding,LOC370804,GENE20,Gene 20 protein,24597
chrX,NC_690982.1,145377588,145392203,-,rRNA,LOC768595,GENE21,Gene 21 protein,3440
chrX,NC_327114.1,81161139,81207039,-,protein_coding,LOC571023,GENE22,Gene 22 protein,80498
chrY,NC_278852.1,17278283,17295571,-,pseudogene,LOC330019,GENE1,Gene 1 protein,54840
chrY,NC_960307.1,13804180,13807224,+,rRNA,LOC904771,GENE2,Gene 2 protein,24839
chrY,NC_859364.1,41395048,41415948,-,lncRNA,LOC818894,GENE3,Gene 3 protein,45914
chrY,NC_719284.1,6094376,6141779,-,rRNA,LOC172187,GENE4,Gene 4 protein,31122
chrY,NC_238635.1,39512770,39522938,-,pseudogene,LOC213844,GENE5,Gene 5 protein,3170
chrY,NC_628859.1,9492609,9537705,+,rRNA,LOC817611,GENE6,Gene 6 protein,56023
chrY,NC_200976.1,40975015,40999867,+,rRNA,LOC286040,GENE7,Gene 7 protein,63373
chrY,NC_627778.1,29951990,29985164,+,rRNA,LOC888930,GENE8,Gene 8 protein,16403
chrY,NC_791423.1,17632327,17660282,+,pseudogene,LOC236659,GENE9,Gene 9 protein,80098
chrY,NC_780768.1,19112021,19157640,+,tRNA,LOC552457,GENE10,Gene 10 protein,69425
chrY,NC_145548.1,48668493,48712349,-,miRNA,LOC831531,GENE11,Gene 11 protein,70444
chrY,NC_941272.1,54606130,54633779,-,lncRNA,LOC605543,GENE12,Gene 12 protein,50969
chrY,NC_943706.1,36927955,36952087,-,rRNA,LOC877407,GENE13,Gene 13 protein,92318
chrY,NC_240386.1,45662388,45687758,+,pseudogene,LOC366881,GENE14,Gene 14 protein,63539
chrY,NC_397026.1,33369285,33400768,+,protein_coding,LOC727354,GENE15,Gene 15 protein,72267
chrY,NC_298202.1,32536728,32550194,-,miRNA,LOC105735,GENE16,Gene 16 protein,93949
chrY,NC_647923.1,13236003,13255233,+,rRNA,LOC223552,GENE17,Gene 17 protein,69126
chrY,NC_786341.1,53202022,53246377,+,pseudogene,LOC315397,GENE18,Gene 18 protein,91146
chrY,NC_479867.1,45088955,45123494,-,pseudogene,LOC211760,GENE19,Gene 19 protein,21287
chrY,NC_713805.1,40950837,40982632,-,tRNA,LOC365953,GENE20,Gene 20 protein,35249
chrY,NC_483405.1,14239308,14249078,-,rRNA,LOC741603,GENE21,Gene 21 protein,37118
chrY,NC_533301.1,49918453,49966024,-,lncRNA,LOC678923,GENE22,Gene 22 protein,74080
chrY,NC_488196.1,56067937,56103712,-,lncRNA,LOC686252,GENE23,Gene 23 protein,73733
chrY,NC_421549.1,29739841,29752031,-,miRNA,LOC705711,GENE24,Gene 24 protein,46135
chrY,NC_244775.1,27012512,27045839,-,tRNA,LOC996531,GENE25,Gene 25 protein,87413
chrY,NC_340932.1,39201526,39222915,+,tRNA,LOC568288,GENE26,Gene 26 protein,92660
chrY,NC_324875.1,36316069,36319330,+,protein_coding,LOC633036,GENE27,Gene 27 protein,53502
chrY,NC_743852.1,18961720,18991089,-,rRNA,LOC830917,GENE28,Gene 28 protein,90727
chrY,NC_508004.1,10743344,10751060,+,lncRNA,LOC766764,GENE29,Gene 29 protein,1693
chrY,NC_594580.1,16177579,16207512,+,lncRNA,LOC729402,GENE30,Gene 30 protein,58065
chrY,NC_375871.1,4954042,4995625,+,protein_coding,LOC332542,GENE31,Gene 31 protein,49606
chrY,NC_139589.1,19348594,19369429,+,rRNA,LOC859687,GENE32,Gene 32 protein,51374
chrY,NC_788049.1,3930121,3955121,-,rRNA,LOC646313,GENE33,Gene 33 protein,38548
chrY,NC_771394.1,55785560,55796892,+,lncRNA,LOC618382,GENE34,Gene 34 protein,58536
chrY,NC_991884.1,18230540,18234340,+,lncRNA,LOC788793,GENE35,Gene 35 protein,68915
chrY,NC_135241.1,56556034,56587153,-,lncRNA,LOC922041,GENE36,Gene 36 protein,79579
chrY,NC_277715.1,4368173,4374583,+,rRNA,LOC806765,GENE37,Gene 37 protein,5726
chrY,NC_786837.1,42912847,42944366,-,lncRNA,LOC100301,GENE38,Gene 38 protein,21636
chrY,NC_917546.1,54828368,54836164,+,miRNA,LOC518836,GENE39,Gene 39 protein,47285
chrY,NC_714549.1,24828252,24872308,-,pseudogene,LOC310040,GENE40,Gene 40 protein,68861
chrY,NC_837801.1,33016781,33035324,+,tRNA,LOC171950,GENE41,Gene 41 protein,12818
chrY,NC_970071.1,23599306,23629381,-,tRNA,LOC686273,GENE42,Gene 42 protein,77406
chrY,NC_955129.1,15811072,15849537,-,miRNA,LOC389939,GENE43,Gene 43 protein,30661
chrY,NC_523579.1,41876934,41894658,+,pseudogene,LOC702833,GENE44,Gene 44 protein,1609
chrY,NC_526911.1,4560276,4578363,-,lncRNA,LOC630829,GENE45,Gene 45 protein,14954
chrY,NC_408545.1,54507485,54539822,+,rRNA,LOC456480,GENE46,Gene 46 protein,16336
chrY,NC_952646.1,52665354,52693359,-,rRNA,LOC931928,GENE47,Gene 47 protein,76352
chrY,NC_564276.1,52486024,52492487,-,tRNA,LOC495397,GENE48,Gene 48 protein,74815
chrY,NC_894268.1,38616260,38622172,-,lncRNA,LOC456160,GENE49,Gene 49 protein,61142
chrY,NC_128679.1,33134792,33169415,-,rRNA,LOC605382,GENE50,Gene 50 protein,16239
chrY,NC_501261.1,1600948,1637582,-,protein_coding,LOC764442,GENE51,Gene 51 protein,29885
chrY,NC_532459.1,20985050,20989162,+,miRNA,LOC470248,GENE52,Gene 52 protein,68699
chrY,NC_972600.1,39491628,39514835,+,tRNA,LOC376142,GENE53,Gene 53 protein,33539
chrY,NC_518309.1,36357426,36379812,-,protein_coding,LOC806423,GENE54,Gene 54 protein,99145
chrY,NC_681489.1,27970540,28015739,-,protein_coding,LOC287155,GENE55,Gene 55 protein,63463
chrY,NC_329183.1,47818418,47863781,-,miRNA,LOC701581,GENE56,Gene 56 protein,36268
chrY,NC_816289.1,31275239,31288982,+,tRNA,LOC299405,GENE57,Gene 57 protein,66404
chrY,NC_871153.1,46947988,46991080,+,lncRNA,LOC353814,GENE58,Gene 58 protein,35787
chrY,NC_312616.1,11837532,11841843,+,lncRNA,LOC975498,GENE59,Gene 59 protein,33728
chrY,NC_916776.1,48591820,48626575,-,lncRNA,LOC211871,GENE60,Gene 60 protein,16712
chrY,NC_795650.1,37458841,37475653,+,tRNA,LOC616596,GENE61,Gene 61 protein,81455
chrY,NC_144316.1,6822055,6871335,+,rRNA,LOC989203,GENE62,Gene 62 protein,64214
chrY,NC_430738.1,49068538,49083192,-,rRNA,LOC616256,GENE63,Gene 63 protein,76303
chrY,NC_291755.1,32772748,32774474,-,pseudogene,LOC901387,GENE64,Gene 64 protein,67995
chrY,NC_332881.1,40080720,40103910,-,pseudogene,LOC886609,GENE65,Gene 65 protein,76584
chrY,NC_651273.1,52596211,52620588,+,protein_coding,LOC938095,GENE66,Gene 66 protein,56466
chrY,NC_134144.1,28851505,28856538,-,rRNA,LOC626883,GENE67,Gene 67 protein,46519
chrY,NC_913594.1,38935523,38953896,-,tRNA,LOC283291,GENE68,Gene 68 protein,60925
chrY,NC_643377.1,15045952,15071947,+,tRNA,LOC582418,GENE69,Gene 69 protein,42373
chrY,NC_806848.1,41666801,41700203,+,protein_coding,LOC320989,GENE70,Gene 70 protein,50732
chrY,NC_479167.1,11144590,11156241,+,miRNA,LOC742544,GENE71,Gene 71 protein,35039
chrY,NC_375617.1,11733575,11747970,+,rRNA,LOC348658,GENE72,Gene 72 protein,36311
chrY,NC_459762.1,41745168,41782744,-,rRNA,LOC483699,GENE73,Gene 73 protein,25105
chrY,NC_320759.1,8926233,8951539,-,pseudogene,LOC539450,GENE74,Gene 74 protein,92843
chrY,NC_995825.1,47436078,47451454,-,miRNA,LOC520051,GENE75,Gene 75 protein,37651
chrY,NC_699166.1,18249286,18256175,-,lncRNA,LOC237509,GENE76,Gene 76 protein,76483
chrY,NC_855829.1,53025374,53063010,+,protein_coding,LOC383062,GENE77,Gene 77 protein,31907
chrY,NC_305587.1,29284104,29319714,-,pseudogene,LOC252928,GENE78,Gene 78 protein,97802
chrY,NC_944804.1,21327468,21337569,+,pseudogene,LOC110215,GENE79,Gene 79 protein,24148
chrY,NC_241003.1,47757169,47762827,-,pseudogene,LOC990649,GENE80,Gene 80 protein,83660
chrY,NC_414608.1,30323477,30364789,-,pseudogene,LOC363165,GENE81,Gene 81 protein,74680
chrY,NC_203782.1,22532851,22545628,+,pseudogene,LOC824087,GENE82,Gene 82 protein,22409
chrY,NC_953350.1,17038661,17072815,+,lncRNA,LOC366642,GENE83,Gene 83 protein,63460
chrY,NC_880762.1,11771439,11800436,+,pseudogene,LOC450912,GENE84,Gene 84 protein,35048
chrY,NC_687569.1,6594503,6618288,-,miRNA,LOC684572,GENE85,Gene 85 protein,34779
chrY,NC_531762.1,50379504,50409173,-,protein_coding,LOC227126,GENE86,Gene 86 protein,47018
